Farms,392402,21,0,0,0,0,0,0,0,0,0,0,0,0,0,0,0,0,0,0,0,0,0,0,0,0,0,0,0,0,154,0,0,0,0,0,0,0,0,0,0,0,0,0,0,0,0,0,0,0,0,0,0,0,0,0,0,0,0,0,0,0,0,0,0,0,0,0,0,572,0,393150,42871,0,436021,88715,58864,147580,58,5882,-12068,-6128,577472
Forestry_fishing_related_activities,5958,56057,0,0,0,0,0,0,0,0,0,0,0,0,0,0,0,0,0,0,0,0,0,0,0,0,807,0,0,0,0,1146,0,0,0,0,0,0,0,0,0,0,0,0,0,0,0,0,0,0,0,0,0,0,0,0,0,0,0,0,0,0,0,0,0,0,0,127,0,3338,0,67433,18273,0,85706,9996,4372,14368,53,900,0,953,101028
Oil_gas_extraction,0,0,314537,0,73,101,0,0,5,0,0,0,0,0,0,0,0,0,0,0,0,0,0,21,0,0,0,0,0,0,0,0,0,0,0,0,0,0,0,0,0,0,0,0,0,0,0,0,0,0,0,0,0,0,0,84,0,0,0,0,0,0,0,0,0,0,0,0,0,0,0,314819,174017,0,488836,12162,55799,67961,139,13429,0,13569,570365
Mining_except_oil_gas,0,0,80,83388,62,0,0,0,658,0,0,0,0,0,0,0,0,0,0,0,0,0,0,207,4,0,0,0,0,0,0,0,0,0,0,0,0,0,0,0,0,0,0,0,0,0,0,0,0,0,0,0,0,0,0,0,0,0,0,0,0,0,0,0,0,0,0,0,0,657,0,85056,0,0,85057,8458,31020,39478,4,3625,0,3628,128163
Support_activities_for_mining,0,0,53279,5792,97294,0,0,0,1,0,0,0,0,0,0,0,0,0,0,0,0,0,0,0,0,0,0,0,0,0,0,0,0,0,0,0,0,0,0,0,0,0,0,0,0,0,0,0,0,0,0,0,0,0,0,0,0,0,0,0,0,0,0,0,0,0,0,0,0,0,0,156367,742,0,157109,0,0,0,0,0,0,0,157109
Utilities,0,0,0,0,0,470055,0,0,0,0,0,0,0,0,0,0,0,0,0,0,0,0,0,0,0,0,0,0,0,0,0,0,0,0,0,0,156,0,0,0,0,0,0,0,0,0,0,0,0,0,0,0,0,0,0,0,0,0,0,0,0,0,0,0,0,0,0,65,14084,1224,136587,622170,2491,0,624661,0,0,0,0,31458,0,31458,656119
Construction,0,744,740,10404,6323,2662,1605712,524,688,186,1627,607,47,64,453,676,331,1399,150,41,0,70,11,242,120,87,4427,7,0,2107,6016,57,151,1,25,1,81,132,66,20,48,1199,948,3,1,3,0,20440,763,54,2,7,541,78,1150,1,682,384,1259,39,115,581,515,1729,741,469,4,281,0,20738,0,1699775,0,0,1699775,0,0,0,0,1936,0,1936,1701712
Wood_products,12,0,0,0,0,0,0,112642,1,0,249,0,2,0,0,0,420,48,0,0,0,139,0,0,0,137,0,0,0,0,0,0,0,0,0,0,0,0,0,0,0,0,0,0,0,0,0,0,0,0,0,0,0,0,0,0,0,0,0,0,0,0,0,0,0,0,0,0,0,215,0,113864,22973,0,136838,35105,8447,43552,367,3733,0,4099,184489
Nonmetallic_mineral_products,0,0,0,405,0,0,0,296,127666,6,149,186,31,41,4,0,186,66,0,0,0,157,0,229,24,201,0,0,0,0,0,0,0,0,0,0,0,0,0,0,0,0,0,0,0,0,0,0,0,0,0,0,0,0,0,0,0,0,0,0,0,0,0,0,0,0,0,0,0,0,0,129647,28186,0,157833,46656,25883,72539,1036,5366,0,6401,236773
Primary_metals,0,0,0,0,0,0,0,0,0,248524,3431,31,27,1213,25,0,8,81,0,2,0,1,0,0,96,31,0,0,0,0,0,0,0,0,0,0,0,0,0,0,0,0,0,0,0,0,0,0,0,0,0,0,0,0,0,0,0,0,0,0,0,0,0,0,0,0,0,1,0,0,0,253471,86901,0,340373,36403,13050,49453,4721,1471,0,6192,396018
Fabricated_metal_products,0,0,21,0,832,0,0,356,229,1308,370521,2934,203,309,750,362,275,329,0,108,0,7,100,0,122,469,10,0,0,0,0,0,0,0,0,0,0,0,0,0,0,0,0,0,0,0,0,0,0,0,0,0,0,0,0,0,0,0,0,0,0,0,0,0,0,0,0,0,0,0,0,379245,72924,0,452169,110200,12657,122857,2617,10764,0,13381,588407
Machinery,0,0,195,0,0,0,0,0,3,247,3627,371729,708,439,1521,1556,68,167,0,28,0,0,0,0,238,600,542,0,0,0,0,0,0,0,0,0,0,0,0,0,0,0,0,0,0,0,0,0,0,0,0,0,0,0,0,0,0,0,0,0,0,0,0,0,0,0,2,0,0,0,0,381672,181648,0,563320,180087,16012,196100,3313,11555,0,14867,774287
Computer_electronic_products,0,0,0,0,0,0,0,0,0,0,599,1163,307485,995,45,1561,0,557,0,0,0,731,54,0,974,136,149,0,0,0,0,0,0,0,0,0,0,0,0,0,10,0,0,0,0,0,0,0,0,0,0,0,0,0,0,0,0,0,0,0,0,0,0,0,0,0,0,0,0,0,0,314461,358807,0,673268,235868,9786,245654,2970,15415,0,18386,937308
Electrical_equipment_appliances_components,0,0,0,0,0,0,0,0,303,777,269,1459,803,127409,69,109,1,69,0,0,0,0,0,4,126,90,0,0,0,0,0,0,0,0,0,0,0,0,0,0,0,0,0,0,0,0,0,0,0,0,0,0,0,0,0,0,0,0,0,0,0,0,0,0,0,0,0,0,0,0,0,131489,110122,0,241611,109565,7867,117432,3610,9326,-261,12676,371719
Motor_vehicles_bodies_trailers_parts,0,0,0,0,0,0,0,0,0,0,1776,1178,18,339,729952,89,1,47,0,25,0,0,0,0,0,252,376,0,0,0,0,0,0,0,0,0,0,0,0,0,0,0,0,0,0,0,0,0,0,0,0,0,0,0,0,0,0,0,0,0,0,0,0,0,0,0,0,0,0,0,0,734055,343198,0,1077252,205697,16039,221736,4856,30519,0,35376,1334364
Other_transportation_equipment,0,0,0,0,0,0,0,0,7,0,771,328,4620,77,653,315213,0,327,0,1,0,0,0,0,2,332,13,0,0,0,0,0,0,0,0,0,0,0,0,0,0,0,0,0,0,0,0,0,0,0,0,0,0,0,0,0,0,0,0,0,0,0,0,0,0,0,0,0,0,0,0,322344,60183,0,382527,27479,4117,31596,505,2048,0,2553,416676
Furniture_related_products,0,0,0,0,0,0,0,495,117,0,138,6,14,2,43,0,73750,262,0,311,0,0,0,0,0,221,30,0,0,0,0,0,0,0,0,0,0,0,0,0,0,0,0,0,0,0,0,0,0,0,0,0,0,0,0,0,0,0,0,0,0,0,0,0,0,0,0,0,0,0,0,75389,48392,0,123781,88567,14920,103487,755,10267,0,11022,238290
Miscellaneous_manufacturing,0,0,0,0,0,0,0,2,1,0,241,378,1186,146,115,0,274,152743,0,131,0,108,525,0,552,712,1598,0,0,0,2348,0,0,0,0,0,0,0,0,0,0,0,0,0,0,0,0,0,0,0,0,0,0,0,0,0,0,0,0,0,0,0,0,0,0,0,1,76,0,1216,0,162352,96892,0,259244,203801,14923,218724,1483,15931,0,17414,495382
Food_beverage_tobacco_products,0,0,0,0,0,0,0,0,0,0,0,8,0,0,0,0,0,0,938176,0,0,0,0,0,8272,0,3747,0,9644,2718,54,0,0,0,0,0,0,0,0,0,0,0,0,0,0,0,0,0,0,0,0,0,0,0,0,0,0,0,0,0,0,0,0,0,0,0,0,0,0,2214,0,964832,99617,0,1064449,457085,26563,483648,1295,87113,0,88408,1636504
Textile_mills_textile_product_mills,0,0,0,0,0,0,0,1,535,24,2,84,1,65,94,29,176,78,1,51479,31,161,650,0,28,664,0,0,0,0,0,0,0,0,0,0,0,0,0,0,0,0,0,0,0,0,0,0,0,0,0,0,0,0,0,0,0,0,0,0,0,0,0,0,0,0,0,0,0,0,0,54103,32968,0,87071,71305,4498,75803,2062,6897,0,8959,171833
Apparel_leather_allied_products,0,0,0,0,0,0,0,0,0,0,0,0,0,0,0,0,0,5,5,139,19075,0,25,0,0,0,0,0,0,0,296,0,0,0,0,0,0,0,0,0,0,0,0,0,0,0,0,0,0,0,0,0,0,0,0,0,0,0,0,0,0,0,0,0,0,0,0,0,0,1309,0,20854,131876,0,152731,241211,7733,248944,18403,25448,0,43850,445525
Paper_products,0,0,0,0,0,0,0,168,228,3,3,8,5,105,0,0,17,143,118,25,0,184115,945,2,177,1620,0,0,0,0,0,0,0,0,0,0,0,0,0,0,0,0,0,0,0,0,0,0,0,0,0,0,0,0,0,0,0,0,0,0,0,0,0,0,0,0,0,0,0,650,0,188331,25612,0,213943,45821,12317,58138,264,3761,0,4026,276107
Printing_related_support_activities,0,0,0,0,0,0,0,0,0,0,183,0,10,0,0,0,10,332,0,77,0,316,63132,0,1,195,0,0,0,0,31,0,0,0,0,0,0,0,0,1463,0,0,0,0,0,0,0,0,0,0,0,0,613,0,3047,0,0,0,0,0,0,0,0,0,0,0,0,10,0,1721,0,71143,2917,0,74060,14055,3261,17316,18,1107,0,1124,92500
Petroleum_coal_products,0,0,29052,106,2,0,0,0,36,2492,7,1,0,0,0,0,0,28,0,0,0,0,0,623615,1635,16,0,0,0,0,0,0,0,0,0,0,0,0,0,0,0,0,0,0,0,0,0,0,0,0,0,0,0,0,0,0,0,0,0,0,0,0,0,0,0,0,0,0,0,0,0,656992,71993,0,728985,152646,29918,182564,160,110797,-1188,109769,1021318
Chemical_products,0,0,249,2646,0,0,0,20,132,263,175,160,308,245,11,9,16,328,3456,3277,0,169,0,23394,757210,857,0,0,0,0,0,0,0,0,0,0,0,0,0,0,0,0,0,0,0,0,0,0,0,0,0,0,0,0,0,0,0,0,0,0,0,0,0,0,0,0,0,8,0,108,0,793042,233139,0,1026181,454604,35654,490259,2491,29259,-14,31737,1548176
Plastics_rubber_products,0,0,0,0,0,0,0,239,168,0,1455,254,347,23,294,33,150,869,2,73,0,732,462,1,3261,222213,0,0,0,0,0,0,0,0,0,0,0,0,0,0,0,0,0,0,0,0,0,0,0,0,0,0,0,0,0,0,0,0,0,0,0,0,0,0,0,0,0,0,0,0,0,230577,57289,0,287866,97508,6167,103676,1997,9407,0,11404,402945
Wholesale_trade,0,0,528,238,474,0,0,1081,1364,964,4811,8946,3764,1967,3024,1701,1539,5520,6641,794,571,1515,790,4717,10085,2876,1698862,0,0,0,0,20,0,0,0,13,0,87,0,11971,11,4653,594,0,0,0,0,0,0,383,0,3672,0,0,0,0,0,0,0,0,0,0,0,0,0,586,0,0,0,0,0,1784762,0,0,1784762,-1679852,0,-1679852,0,0,0,0,104910
Motor_vehicle_parts_dealers,0,0,0,0,0,0,0,0,0,0,0,0,0,0,0,0,0,0,0,0,0,0,0,0,0,0,0,183185,0,0,0,0,0,0,0,0,0,0,0,0,0,0,0,0,0,0,0,0,0,60,0,0,0,0,0,0,0,0,0,0,0,0,340,14,0,2116,0,0,0,0,0,185715,0,0,185715,-185715,0,-185715,0,0,0,0,0
Food_beverage_stores,0,0,0,0,0,0,0,0,0,0,0,0,0,0,0,0,0,0,0,0,0,0,0,0,0,0,0,0,198747,0,0,0,0,0,0,0,0,8,0,0,0,0,0,0,0,0,0,0,0,265,0,0,0,0,0,0,0,0,0,0,0,0,0,374,814,0,0,0,0,0,5409,205617,0,0,205617,-205617,0,-205617,0,0,0,0,0
General_merch_ise_stores,0,0,0,0,0,0,0,0,0,0,0,0,0,0,0,0,0,0,0,0,0,0,0,0,0,0,0,0,0,181165,0,0,0,0,0,0,0,0,0,0,0,0,0,0,0,0,0,0,0,0,0,0,478,0,0,0,0,0,0,0,54,0,0,423,0,158,0,0,3211,0,0,185489,0,0,185489,-185489,0,-185489,0,0,0,0,0
Other_retail,0,0,0,0,0,16,0,0,0,0,0,0,0,0,0,0,0,0,0,0,0,0,0,0,0,0,0,0,0,0,878224,0,0,0,0,11,0,0,0,117,607,747,805,0,0,0,0,0,0,928,0,315,4988,0,773,128,1364,10144,1083,17,141,1408,2155,747,1742,3995,0,0,36,0,0,910493,0,0,910493,-902520,0,-902520,0,0,0,0,7972
Air_transportation,0,0,0,0,0,0,0,0,0,0,0,0,0,0,0,0,0,0,0,0,0,0,0,0,0,0,0,0,0,0,0,211031,0,0,0,0,0,253,0,0,0,0,0,0,0,0,0,0,0,0,0,0,0,0,0,0,0,0,0,0,0,0,0,0,0,0,0,0,0,0,0,211284,41005,-1115,251174,0,-2736,-2736,0,23293,-226,23066,271505
Rail_transportation,0,0,0,0,0,0,0,0,0,0,0,0,0,0,0,0,0,0,0,0,0,0,0,0,0,0,0,0,0,0,0,0,86515,0,0,0,0,0,0,0,0,0,0,0,0,0,0,0,0,0,0,0,0,0,0,0,0,0,0,0,0,0,0,0,0,0,0,0,0,0,170,86686,0,-430,86256,0,-74918,-74918,0,783,-2597,-1814,9524
Water_transportation,0,0,0,0,0,0,0,0,0,0,0,0,0,0,0,0,0,0,0,0,0,0,0,0,0,0,0,0,0,0,0,0,0,50289,0,0,0,1748,0,0,0,0,0,0,0,0,0,0,0,0,0,0,0,0,0,0,0,0,0,0,0,0,0,0,0,0,0,0,0,0,359,52397,0,-8661,43736,0,-11217,-11217,0,211,-23,188,32706
Truck_transportation,0,0,0,0,0,0,0,0,0,0,0,0,0,0,0,0,0,0,0,0,0,0,0,0,0,0,0,32,0,0,0,0,0,0,355401,0,0,1825,1880,0,0,0,0,0,0,0,0,0,0,897,0,0,0,0,0,0,0,0,0,0,0,0,0,0,0,0,0,0,0,0,0,360036,0,-5094,354942,0,-316780,-316780,0,400,0,400,38561
Transit_ground_passenger_transportation,0,0,0,0,0,0,0,0,0,0,0,0,0,0,0,0,0,0,0,0,0,0,0,0,0,0,0,0,0,0,0,0,0,0,0,77230,0,440,0,0,0,0,0,0,0,0,0,0,0,40,0,0,0,0,0,0,0,0,0,0,0,0,0,0,0,0,0,0,0,0,17622,95332,0,0,95332,0,0,0,0,1053,-69,984,96316
Pipeline_transportation,0,0,0,0,0,2920,0,0,0,0,0,0,0,0,0,0,0,0,0,0,0,0,0,0,0,0,926,0,0,0,0,0,0,0,0,0,51977,0,0,0,0,0,0,0,0,0,0,0,0,0,0,0,0,0,0,0,0,0,0,0,0,0,0,0,0,0,0,0,0,0,0,55823,0,0,55823,0,-55178,-55178,0,79,0,79,724
Other_transportation_support_activities,0,0,0,0,0,0,0,0,0,0,0,0,0,0,0,0,0,0,0,0,0,0,0,0,0,0,1154,471,0,0,3454,592,0,2489,3973,81,0,242347,411,0,0,0,0,0,0,0,0,0,0,0,0,0,0,0,0,17,0,0,0,0,0,0,0,0,0,0,0,0,0,0,13661,268649,44,-3769,264924,0,0,0,0,354,0,354,265278
Warehousing_storage,0,0,0,0,0,0,0,0,0,0,0,0,0,0,0,0,0,0,0,0,0,0,0,0,0,0,16,340,0,0,48,0,0,0,4658,0,0,1586,137449,0,0,0,0,0,0,0,0,0,0,0,0,0,0,0,0,0,0,0,0,0,0,0,0,0,0,0,0,0,0,0,0,144096,0,0,144096,0,0,0,0,169,0,169,144266
Publishing_industries_except_internet_(includes_software),0,0,0,0,0,0,0,0,0,0,0,0,0,0,0,0,0,0,0,0,0,0,0,0,0,0,0,0,0,0,0,0,0,0,0,0,0,0,0,257730,0,0,14756,0,0,0,0,0,0,0,0,2646,0,0,0,0,0,0,0,0,0,0,0,0,0,0,0,222,0,553,0,275907,4593,0,280501,97249,4172,101422,0,8464,0,8464,390386
Motion_picture_sound_recording_industries,0,0,0,0,0,0,0,0,0,0,0,0,0,0,0,0,0,0,0,0,0,0,0,0,0,0,0,0,0,0,996,0,0,0,0,0,0,0,0,0,157311,867,0,0,0,0,0,0,0,0,0,0,0,0,0,0,0,0,0,0,0,0,0,0,0,0,42,0,18,1,0,159236,9665,0,168900,11018,134,11152,0,4282,0,4282,184335
Broadcasting_telecommunications,0,0,0,0,0,0,0,0,0,0,0,0,0,0,0,0,0,0,0,0,0,0,0,0,0,0,0,0,0,0,63,0,0,0,0,0,0,0,0,0,0,701536,267,0,0,0,0,0,0,0,0,196,0,0,0,0,0,0,0,0,0,0,0,256,0,0,0,0,0,0,0,702318,253,0,702571,0,0,0,0,31190,-5,31185,733756
Data_processing_internet_publishing_other_information_services,0,0,0,0,0,0,0,0,0,0,0,0,0,0,0,0,0,0,0,0,0,0,0,0,0,0,0,0,0,0,0,0,0,0,0,0,0,0,0,12276,0,0,253084,0,0,0,0,0,0,0,0,15107,3105,0,0,0,0,0,0,0,0,0,0,0,0,444,14,0,0,2356,0,286386,1324,0,287710,0,0,0,0,784,0,784,288495
Federal_Reserve_banks_credit_intermediation_related_activities,0,0,0,0,0,0,0,0,0,0,0,0,0,0,0,0,0,0,0,0,0,0,0,0,0,0,0,5090,433,0,260,0,0,0,0,0,0,0,0,0,0,0,0,856482,28659,0,0,0,0,0,0,0,0,0,0,0,0,0,0,0,0,0,0,0,0,0,0,0,0,0,25,890949,72,0,891021,0,0,0,0,0,-477,-477,890544
Securities_commodity_contracts_investments,0,0,0,0,0,0,0,0,0,0,0,0,0,0,0,0,0,0,0,0,0,0,0,0,0,0,0,0,0,0,0,0,0,0,0,0,0,0,0,0,0,0,0,35834,631134,934,0,0,0,9,0,0,692,0,0,0,0,0,0,0,0,0,0,0,0,0,0,0,0,0,0,668603,91,0,668694,0,0,0,0,1347,0,1347,670041
Insurance_carriers_related_activities,0,0,0,0,0,0,0,0,0,0,0,0,0,0,0,0,0,0,0,0,0,0,0,0,0,0,0,0,0,0,0,0,0,0,0,0,0,98,0,0,0,0,0,0,8736,1155655,0,0,148,997,0,0,0,0,69,0,105,0,0,0,0,0,0,0,0,0,0,0,7731,0,-376,1173162,42684,-752,1215094,0,0,0,0,41074,-6272,34802,1249896
Funds_trusts_other_financial_vehicles,0,0,0,0,0,0,0,0,0,0,0,0,0,0,0,0,0,0,0,0,0,0,0,0,0,0,0,0,0,0,0,0,0,0,0,0,0,0,0,0,0,0,0,0,0,0,166208,0,0,0,0,0,0,0,0,0,0,0,0,0,0,0,0,0,0,0,0,99,0,29763,0,196070,0,0,196070,0,0,0,0,173,0,173,196243
Housing,0,0,0,0,0,0,0,0,0,0,0,0,0,0,0,0,0,0,0,0,0,0,0,0,0,0,0,0,0,0,0,0,0,0,0,0,0,0,0,0,0,0,0,0,0,0,0,2232196,0,0,0,0,0,0,0,0,0,0,0,0,0,0,0,0,0,0,0,0,0,0,29300,2261496,0,0,2261496,0,0,0,0,0,-39497,-39497,2221999
Other_real_estate,0,0,0,0,0,0,0,0,0,0,0,0,0,0,0,0,0,0,0,0,0,0,0,0,0,0,0,0,0,0,0,0,0,0,0,9,0,0,0,0,135,0,0,0,0,0,0,0,1366896,2884,0,0,0,0,309,0,76,0,0,116,0,947,169,1207,0,1484,0,0,806,0,26884,1401922,0,0,1401922,0,0,0,0,1316,-1690,-374,1401548
Rental_leasing_services_lessors_of_intangible_assets,0,0,0,0,0,0,0,0,0,0,0,22,0,0,0,0,0,0,0,0,0,0,0,0,0,0,13473,855,363,251,3836,102,246,0,346,0,0,85,8,1,165,10359,334,87622,0,0,0,0,0,319259,0,354,12,0,52,473,91,3226,1405,0,0,1380,347,1296,0,266,0,0,0,0,0,446228,0,0,446228,0,0,0,0,16942,0,16942,463170
Legal_services,0,0,0,0,0,0,0,0,0,0,0,0,0,0,0,0,0,0,0,0,0,0,0,0,0,0,0,0,0,0,0,0,0,0,0,0,0,0,0,0,0,0,0,0,0,459,0,0,0,0,347053,0,0,0,0,0,0,0,0,0,0,0,0,0,0,0,0,0,0,0,0,347512,3857,0,351369,0,0,0,0,17011,0,17011,368380
Computer_systems_design_related_services,0,0,138,0,47,478,387,17,40,95,360,925,1373,318,330,748,53,586,133,11,14,53,177,34,564,190,17463,6,4,5,1568,211,138,11,99,0,36,343,183,13547,268,2005,23561,3446,1260,2603,0,84,257,178,354,423260,12123,13324,9838,26,4718,1276,2509,23,82,77,55,34,0,746,2405,2601,643,5771,0,554214,32368,0,586582,0,0,0,0,4220,0,4220,590802
Miscellaneous_professional_scientific_technical_services,0,0,1681,131,674,172,457,104,795,556,3276,8695,56088,2511,15634,22279,287,13499,3310,318,247,1039,16019,184,49690,2747,1004,195,103,523,5594,1848,72,12,124,21,39,406,136,59834,3319,116635,131490,1991,932,2818,139,21,200,78,182,12805,1505323,5003,13617,88,28386,225,5473,20,13,9145,180,2,0,1407,23384,15554,0,54871,0,2203610,98757,0,2302367,0,0,0,0,5250,0,5250,2307617
Management_of_companies_enterprises,0,0,0,0,0,0,0,0,0,0,0,0,0,0,0,0,0,0,0,0,0,0,0,0,0,0,0,0,0,0,0,0,0,0,0,0,0,0,0,0,0,0,0,0,0,0,0,0,0,0,0,0,0,615747,0,0,0,0,0,0,0,0,0,0,0,0,0,0,0,0,0,615747,0,0,615747,0,0,0,0,1543,0,1543,617290
Administrative_support_services,0,0,0,0,0,0,0,0,0,0,0,0,0,0,0,0,0,0,0,0,0,0,117,0,0,0,27,0,213,200,1788,0,0,0,0,0,0,110,0,803,0,0,697,0,0,0,0,0,0,0,0,4854,2906,0,955588,0,0,0,0,0,0,0,0,0,0,0,0,0,0,9301,0,976606,1552,0,978158,0,0,0,0,6464,0,6464,984623
Waste_management_remediation_services,0,0,0,0,0,0,0,0,0,0,0,0,0,0,0,0,0,0,0,0,0,0,0,0,0,0,0,0,0,0,0,0,0,0,2131,0,0,0,0,0,0,0,0,0,0,0,0,0,0,0,0,0,0,0,179,102756,0,0,0,0,0,0,0,0,0,0,0,0,0,14653,0,119720,185,0,119905,0,0,0,0,1933,0,1933,121839
Educational_services,0,0,0,0,0,0,0,0,0,0,0,0,0,0,0,0,0,0,0,0,0,0,0,0,0,0,0,52,0,0,199,0,0,0,0,0,0,0,0,7733,0,0,1055,0,0,0,0,0,0,3,0,1998,0,0,180,0,293464,0,0,0,0,20,1306,0,0,31,235,0,0,100641,0,406917,1420,0,408337,0,0,0,0,284,0,284,408620
Ambulatory_health_care_services,0,0,0,0,0,0,0,0,0,0,0,0,0,0,0,0,0,0,0,0,0,0,0,0,0,0,0,0,0,1450,532,67,0,0,0,0,0,0,0,0,0,0,0,0,0,0,0,0,0,0,0,0,0,0,15,0,0,1082865,7957,1111,320,0,0,0,0,0,0,0,0,36846,0,1131163,0,0,1131163,0,0,0,0,525,0,525,1131687
Hospitals,0,0,0,0,0,0,0,0,0,0,0,0,0,0,0,0,0,0,0,0,0,0,0,0,0,0,0,0,0,0,0,0,0,0,0,0,0,0,0,0,0,0,0,0,0,0,0,0,0,0,0,0,0,0,0,0,0,0,918325,0,0,0,0,0,0,0,1493,1652,0,223980,0,1145451,3510,0,1148960,0,0,0,0,2224,-9,2214,1151175
Nursing_residential_care_facilities,0,0,0,0,0,0,0,0,0,0,0,0,0,0,0,0,0,0,0,0,0,0,0,0,0,0,0,0,0,0,0,0,0,0,0,0,0,0,0,0,0,0,0,0,0,0,0,0,0,0,0,0,0,0,0,0,0,0,0,254197,2553,0,0,0,0,0,0,0,0,0,0,256750,0,0,256750,0,0,0,0,3028,0,3028,259779
Social_assistance,0,0,0,0,0,0,0,0,0,0,0,0,0,0,0,0,0,0,0,0,0,0,0,0,0,0,0,0,0,0,0,0,0,0,0,0,0,0,0,0,0,0,0,0,0,0,0,0,0,0,0,0,0,0,57,0,0,0,0,133,217469,0,866,0,0,366,0,0,0,3583,0,222473,0,0,222473,0,0,0,0,811,0,811,223284
Performing_arts_spectator_sports_museums_related_activities,0,0,0,0,0,0,0,0,0,0,0,0,0,0,0,0,0,0,0,0,0,0,0,0,0,0,0,0,0,0,0,0,0,0,0,0,0,0,0,0,0,0,0,0,0,0,0,0,0,0,0,0,0,0,0,0,1637,0,0,0,0,174717,238,1565,0,0,21,0,0,3325,190,181693,1402,0,183095,0,0,0,0,6006,0,6006,189101
Amusements_gambling_recreation_industries,2914,0,0,0,0,0,0,0,0,0,0,0,0,0,0,0,0,0,0,0,0,0,0,0,0,0,0,233,64,0,285,0,0,255,0,0,0,0,0,0,71,0,0,0,0,0,0,0,0,0,0,0,0,0,0,0,0,0,0,0,0,3101,129021,30860,1265,0,0,0,0,2848,34218,205135,0,0,205135,0,0,0,0,9172,0,9172,214307
Accommodation,0,0,0,0,0,0,0,0,0,0,0,0,0,0,0,0,0,0,0,0,0,0,0,0,0,0,0,0,0,0,0,0,0,0,0,0,0,0,0,0,0,0,0,0,0,0,0,0,17,0,0,0,0,0,0,0,27365,0,0,0,0,9,445,177433,182,0,0,0,0,10742,0,216192,0,0,216192,0,0,0,0,18446,0,18446,234638
Food_services_drinking_places,0,0,0,0,0,0,0,0,0,0,0,0,0,0,0,0,0,0,0,0,0,0,0,0,0,0,0,0,18672,8533,17315,0,0,0,0,0,0,78,0,0,0,0,0,0,0,0,0,0,0,0,0,0,0,0,0,0,10747,208,2560,345,0,4086,13986,44032,803730,3701,0,0,1528,19722,0,949244,0,0,949244,0,0,0,0,60550,0,60550,1009794
Other_services_except_government,0,0,0,0,0,0,0,0,0,0,119,0,0,0,0,0,0,0,0,0,0,0,0,0,0,0,64551,80833,24,4049,17408,0,0,0,0,0,0,1189,0,0,0,2584,0,0,0,0,0,0,57,1988,0,2088,2612,0,0,0,16,0,0,0,0,377,1163,1781,0,710384,0,0,0,1207,3490,895920,5373,0,901293,0,0,0,1,20638,0,20639,921932
Federal_general_government_(defense),0,0,0,0,0,0,0,0,0,0,0,0,0,0,0,0,0,0,0,0,0,0,0,0,0,0,0,0,0,0,0,0,0,0,0,0,0,0,0,0,0,0,0,0,0,0,0,0,0,0,0,0,0,0,0,0,0,0,0,0,0,0,0,0,0,0,637399,0,0,0,0,637399,0,0,637399,0,0,0,0,0,0,0,637399
Federal_general_government_(nondefense),0,0,0,0,0,0,0,0,0,0,0,0,0,0,0,0,0,0,0,0,0,0,0,0,0,0,0,0,0,0,0,0,0,0,0,0,0,0,0,0,0,0,0,0,0,0,0,0,0,0,0,0,0,0,0,0,0,0,0,0,0,0,0,0,0,0,0,419506,0,0,0,419506,0,0,419506,0,0,0,0,0,0,0,419506
Federal_government_enterprises,0,0,0,0,0,0,0,0,0,0,0,0,0,0,0,0,0,0,0,0,0,0,0,0,0,0,0,0,0,0,0,0,0,0,0,0,0,0,0,0,0,0,0,0,0,0,0,0,0,0,0,0,0,0,0,0,0,0,0,0,0,0,0,0,0,0,0,553,70307,0,0,70860,294,0,71154,0,0,0,0,0,0,0,71154
State_local_general_government,0,0,0,0,0,0,0,0,0,0,0,0,0,0,0,0,0,0,0,0,0,0,0,0,0,0,0,0,0,0,0,0,0,0,0,0,0,0,0,0,0,0,0,0,0,0,0,0,0,0,0,0,0,0,0,0,0,0,0,0,0,0,0,0,0,0,0,0,0,1847409,0,1847409,0,0,1847409,0,0,0,0,0,0,0,1847409
State_local_government_enterprises,0,0,0,0,0,1863,0,0,0,0,0,0,0,0,0,0,0,0,0,0,0,0,0,0,0,0,0,0,0,0,0,0,0,0,0,0,0,0,0,0,0,0,0,0,0,0,0,0,0,0,0,0,0,0,0,0,0,0,0,0,0,0,0,0,0,0,0,0,0,0,108344,110207,0,0,110207,0,0,0,0,0,0,0,110207
Noncomparable_imports_rest-of-the-world_adjustment,0,0,0,0,0,0,0,0,0,0,0,0,0,0,0,0,0,0,0,0,0,0,0,0,0,0,0,0,0,0,0,0,0,0,0,0,0,0,0,0,0,0,0,0,0,0,0,0,0,0,0,0,0,0,0,0,0,0,0,0,0,0,0,0,0,0,0,3273,0,0,0,3273,289659,0,292932,0,0,0,0,0,0,0,292932
Scrap_used_secondh_goods,0,0,0,0,0,0,0,57,8,800,1128,184,0,0,999,81,0,0,3,0,0,374,62,0,0,74,0,0,0,0,0,0,0,0,0,0,0,0,0,0,0,0,0,0,0,0,0,0,0,0,0,0,0,0,0,613,0,0,0,0,0,0,0,0,184,0,0,0,0,4195,0,8765,16471,0,25236,117934,36654,154587,43,15947,0,15990,195814
Total_industry_supply,401286,56822,400500,103110,105782,478267,1606556,116000,132985,256247,394920,399290,377043,136269,754017,344446,77561,177483,951994,56841,19939,189687,83071,652649,833181,234720,1809174,271301,228267,201000,940468,215075,87122,53057,366758,77365,52289,250737,140133,365496,161944,840586,427592,985378,670722,1162471,166346,2252741,1368337,328022,347590,467302,1533394,634152,984875,104186,368652,1098330,940571,256002,220747,195849,150787,261754,808658,726152,665002,444028,98365,2405731,375884,35851057,2858613,-19822,38689848,0,0,0,53221,753380,-64396,742205,39432054