Farms,71893,901,0,60,46,0,3480,0,0,0,0,0,0,0,0,0,0,544,271550,1828,0,0,0,0,8558,0,1736,1395,1890,359,876,0,0,0,0,0,0,164,0,0,0,0,0,5,0,0,0,2,10,0,3,2,1353,50,3850,0,125,0,0,0,0,0,845,53,3123,83,6,-283,0,4953,0,379460,146652,0,0,0,0,-9342,60702,0,0,0,0,0,0,0,0,0,0,0,0,577472
Forestry_fishing__related_activities,23901,9627,0,80,0,0,0,15623,2,0,0,0,0,0,0,0,52,248,9291,0,56,7213,63,24,751,2201,0,0,1027,0,3,0,0,0,0,0,0,9,0,0,0,0,0,0,0,0,0,0,0,0,0,0,326,16,3,0,102,0,0,0,0,0,331,573,4919,260,0,102,25,4456,0,81283,9565,0,0,0,0,2188,7992,0,0,0,0,0,0,0,0,0,0,0,0,101028
Oil_gas_extraction,0,0,46094,1,0,38886,0,0,0,46,0,0,0,0,0,0,0,0,0,0,0,0,0,380211,5017,0,1,0,0,0,1,0,0,0,0,0,14,0,0,0,0,0,0,0,0,0,0,0,0,0,0,0,0,2,0,0,0,0,0,0,0,0,0,1,2,0,0,0,1555,0,27820,499653,0,0,0,0,0,-2063,72776,0,0,0,0,0,0,0,0,0,0,0,0,570365
Mining_except_oil_gas,2771,2,112,6379,95,12047,25260,7,12798,15527,602,148,4,124,64,96,27,124,1419,62,0,1502,0,4054,5254,102,23,0,0,0,3,0,195,0,6,1,0,3,1,24,18,208,493,0,0,0,0,42,0,0,0,0,1370,79,490,41,308,0,53,33,56,398,607,85,559,779,0,1277,0,2887,7604,106221,361,81,0,0,0,582,20917,0,0,0,0,0,0,0,0,0,0,0,0,128163
Support_activities_for_mining,0,0,10482,1711,1204,0,0,0,0,0,0,0,0,0,0,0,0,0,0,0,0,0,0,0,0,0,0,0,0,0,0,0,0,0,0,0,0,0,0,0,0,0,0,0,0,0,0,0,0,0,0,0,56,3,0,0,0,0,0,0,0,0,0,0,0,0,0,0,0,0,0,13455,0,3177,0,0,137945,4,2528,0,0,0,0,0,0,0,0,0,0,0,0,157109
Utilities,4500,139,4968,2565,162,23739,4615,1198,2673,5861,3722,1703,483,644,2565,744,467,759,8029,851,57,4387,970,6068,12563,3724,15942,4077,8415,4863,16527,29,102,76,1322,120,302,487,10258,412,312,2393,1389,3233,854,459,1648,19,102738,1631,294,168,3158,8959,2240,378,7250,1745,6098,1617,771,685,1895,6059,20541,3791,1362,628,919,22214,1624,368161,283695,0,0,0,0,0,4264,0,0,0,0,0,0,0,0,0,0,0,0,656119
Construction,1782,44,1247,1398,1488,7384,202,130,294,505,528,330,59,95,429,107,67,125,1041,65,8,594,156,9107,1420,387,1984,657,490,471,2690,164,2408,32,189,260,210,1485,583,35,24,2102,134,2865,925,198,257,74606,78364,162,59,16,606,514,412,25,461,185,476,160,143,209,321,738,1546,3480,7761,1905,1221,30741,52634,303895,0,0,0,600648,475704,0,100,0,0,0,3702,0,0,0,12624,0,0,0,305038,1701712
Wood_products,409,53,0,122,182,0,62044,26180,505,445,359,1117,403,309,4478,361,8451,1421,586,62,3,6838,5,0,270,1733,4296,187,794,125,1404,0,2999,0,87,0,3,68,261,64,98,1354,2073,158,8,10,0,97,8974,348,14,17,860,3,1007,16,34,326,461,6,1423,9,207,799,1457,787,14,26,1,5826,184,153218,11546,0,0,11355,431,631,7115,0,0,0,0,0,194,0,0,0,0,0,0,184489
Nonmetallic_mineral_products,6,82,1551,410,1139,85,99559,1106,19712,2991,1905,3020,197,2371,9982,495,496,1108,7353,241,0,541,3,2235,3502,2231,440,471,149,257,1497,0,26,0,53,0,1,46,303,6,3,4296,1444,135,87,4,0,135,203,444,11,110,5311,106,1521,239,111,3483,2973,290,368,20,184,193,3276,1565,126,601,0,3268,2397,198474,24770,0,0,0,0,1740,11789,0,0,0,0,0,0,0,0,0,0,0,0,236773
Primary_metals,138,0,6887,640,765,3,6479,547,954,87425,87046,36403,2697,17862,60278,10987,4440,7218,5720,415,0,765,38,64,59,1642,1455,8,0,0,900,0,911,0,0,0,0,293,0,18,13,271,488,0,0,1,0,2,3926,89,0,10,1645,52,491,340,132,60,105,16,274,21,257,20,144,417,98,255,0,400,467,353052,1136,0,0,0,0,6462,35368,0,0,0,0,0,0,0,0,0,0,0,0,396018
Fabricated_metal_products,2331,202,7409,1157,2111,570,118862,3376,3552,5928,48510,34096,3889,9692,57893,14734,3913,6569,19275,810,245,6834,1600,766,12607,8400,3922,653,277,171,2846,84,597,2112,1162,240,859,883,657,991,39,16312,2512,341,279,4,29,71,5184,1206,36,1340,7270,1254,3711,2756,554,340,1173,43,2070,63,873,1455,4375,4593,7669,1298,690,7028,4282,469635,48397,18464,0,0,0,6217,44218,0,1437,0,0,0,20,0,0,0,18,0,0,588407
Machinery,4921,457,15445,5394,7442,1468,49273,837,230,1862,5319,44804,277,2238,36136,5800,99,1547,5515,41,16,1190,1540,307,8385,2043,3427,488,197,218,1339,8,270,29,211,188,65,4678,539,116,49,3046,992,25,58,1088,0,69,181,2384,37,1517,3889,707,3831,4117,1744,888,759,262,173,43,160,131,955,8608,846,193,774,6447,1996,260323,21253,349439,0,0,0,6679,135548,0,806,0,0,0,12,0,0,0,226,0,0,774287
Computer_electronic_products,230,1,29,30,503,113,7837,1163,1570,2706,7150,12170,28566,6445,30887,22839,1513,3678,3212,928,117,1358,2056,687,7407,3047,16055,1297,569,518,3871,2,151,4,234,9,6,120,425,3886,1157,26442,7017,1019,1598,115,889,283,1015,426,1524,7199,12162,12271,5184,755,1118,10654,930,271,579,41,269,405,144,5899,30727,3151,1,3091,2105,311828,172937,306942,0,517,0,4036,125726,0,14376,0,0,0,231,0,0,0,715,0,0,937308
Electrical_equipment_appliances__components,3065,291,232,88,847,32,65988,2226,202,2831,3789,19813,1879,11670,9870,3181,139,1698,1279,85,7,655,164,213,1345,1913,490,321,69,308,599,1,215,30,68,205,2,29,667,3,0,9763,727,234,105,3,0,36,2761,304,0,1716,7087,159,3357,1227,980,25,946,1623,570,111,475,970,1122,4467,1193,1769,64,2339,3338,183978,93382,41452,0,9340,0,3420,39489,0,586,0,0,0,20,0,0,0,52,0,0,371719
Motor_vehicles_bodies_trailers__parts,1070,133,1026,1037,661,56,3150,1015,877,968,1748,18230,321,375,270376,5620,481,905,3928,110,1,1553,312,262,1988,734,8316,6704,2040,362,7410,0,74,0,4699,412,0,155,4062,319,130,1637,225,110,39,0,0,0,0,1119,0,53,4599,987,9348,1651,286,461,1212,153,1834,575,144,195,869,20726,4866,78,1360,7146,754,412049,346941,352370,0,0,0,18919,120386,0,26751,0,0,0,18524,0,0,0,38424,0,0,1334364
Other_transportation_equipment,0,52,0,41,0,0,13,68,0,0,59,146,0,0,393,77556,0,0,0,0,0,0,0,0,0,0,19,133,0,0,0,762,2112,2353,0,27,0,1270,0,0,0,7,0,0,0,0,0,0,0,0,0,0,398,7,80,54,0,0,0,0,5,0,0,0,0,889,40820,828,20,0,214,128324,36123,75653,0,0,0,1639,135069,0,39566,0,0,0,225,0,0,0,75,0,0,416676
Furniture_related_products,1,0,0,0,0,0,28730,782,0,0,0,374,56,6,59,353,4997,492,0,0,0,0,0,0,0,394,734,376,0,27,2114,0,0,4,0,0,0,21,0,1,0,355,536,0,0,0,0,12262,53,0,7,1,441,10,1,0,0,435,116,1,117,426,546,5,434,329,0,0,905,13,118,56633,129046,46835,0,889,0,-123,5001,0,0,0,0,0,1,0,0,0,9,0,0,238290
Miscellaneous_manufacturing,272,7,42,43,34,0,1313,36,246,82,80,3071,2,977,2927,123,17,8716,50,140,210,0,9,18,767,155,1999,515,172,15,2143,0,2,0,7,28,0,316,444,6,3,385,181,391,73,24,0,1,1020,74,86,67,3312,39,2607,595,752,24692,24538,1520,2314,127,973,93,1055,2191,200,277,0,11618,127,104324,262035,79706,0,0,0,3356,45916,0,23,0,0,0,2,0,0,0,20,0,0,495382
Food_beverage_tobacco_products,49985,663,0,0,0,0,0,45,275,7,0,0,0,0,0,0,0,5,209461,13,1231,1619,690,472,5404,163,3038,8,4498,1212,1840,1234,2,695,85,0,0,91,0,38,21,0,91,0,0,0,0,0,0,0,0,0,7114,129,0,0,6085,19,8347,7038,11136,1049,7841,9600,77290,3775,2458,49,774,69751,0,495342,1063112,0,0,0,0,-711,78761,0,0,0,0,0,0,0,0,0,0,0,0,1636504
Textile_mills_textile_product_mills,383,141,0,3,0,0,3699,814,584,0,0,1275,0,1,6620,1202,3482,2638,291,10998,2109,4042,429,147,14,3111,3890,139,243,4838,3280,0,0,293,20,0,2,147,5,6,207,35,27,0,0,0,0,3,347,313,0,0,481,10,341,190,73,87,762,3896,1320,0,685,2843,442,1625,1313,309,2,4037,54,74249,78464,4940,0,1982,0,811,11384,0,0,0,0,0,1,0,0,0,0,0,0,171833
Apparel_leather_allied_products,76,0,0,0,0,17,0,0,1,0,0,0,0,0,3027,0,0,104,17,1276,3626,0,2129,163,0,2,1140,323,14,384,1018,0,0,0,0,0,0,0,0,25,54,3273,2,0,0,0,0,0,0,164,0,0,63,22,448,183,184,195,333,0,1476,296,80,32,300,3362,154,40,72,8656,51,32782,407290,0,0,0,0,-688,6141,0,0,0,0,0,0,0,0,0,0,0,0,445525
Paper_products,495,0,93,199,108,59,3589,692,1725,1650,2939,2307,381,1117,3739,756,1293,2426,34437,557,53,45431,8109,359,8770,5148,8249,184,2115,550,2570,16,71,11,174,1217,25,3323,563,2121,169,1081,448,2210,816,83,4,2,2139,768,478,414,4497,1018,4762,320,268,1468,3502,1931,1267,140,281,2914,3892,1758,125,1419,55,16686,43,202582,47167,0,0,0,0,292,26067,0,0,0,0,0,0,0,0,0,0,0,0,276107
Printing_related_support_activities,19,0,7,2,0,2,44,17,0,0,1,8,0,1,4,0,0,0,173,0,17,0,1536,11,953,0,10417,184,230,156,5691,7,14,0,564,75,2,773,10,4687,828,546,6578,937,2116,1636,0,0,145,255,737,263,7269,951,2951,17,1032,1985,3083,186,1540,894,267,963,682,2797,610,821,45,12724,553,79020,10736,0,0,0,0,519,2226,0,0,0,0,0,0,0,0,0,0,0,0,92500
Petroleum_coal_products,12233,991,6400,5388,4304,26783,67637,1215,861,2348,1073,1782,100,942,721,260,358,808,4314,138,21,1624,1641,24792,13852,1163,8504,1762,951,257,2791,16805,10550,3271,35367,3367,23,27020,265,389,157,1252,908,13302,6887,36,1110,142,11354,2935,72,1091,2978,2459,7624,2061,864,1159,4184,1009,780,218,1868,1790,5238,5184,26096,903,4056,127149,24636,552572,349729,0,0,0,0,-3981,122998,0,0,0,0,0,0,0,0,0,0,0,0,1021318
Chemical_products,32963,2914,8808,2951,2261,2157,16720,2837,5150,2210,9333,4967,1613,2709,12066,1752,2207,7294,9302,11264,160,15647,6419,13041,250721,65430,3013,199,81,106,1549,1,379,10,203,11,2,141,1793,688,223,886,1225,281,378,22,0,328,19976,420,406,195,15732,2196,8978,898,831,42136,36675,3774,949,348,1133,121,821,6128,1794,2005,142,44291,2797,697162,653741,2229,0,0,0,1794,193250,0,0,0,0,0,0,0,0,0,0,0,0,1548176
Plastics_rubber_products,1643,144,132,1384,1301,43,44338,965,1672,1018,3350,8754,990,2084,37213,3903,5868,7637,23367,500,88,3803,723,616,17162,20546,15734,3960,2580,454,7000,11,9,1,963,30,69,3100,629,453,104,6625,688,324,173,116,0,50,1039,1669,95,709,7741,301,2693,469,811,9517,4226,1885,1320,40,272,205,8322,6859,1906,506,25,14678,2265,299873,68567,381,0,186,0,2719,31219,0,0,0,0,0,0,0,0,0,0,0,0,402945
Wholesale_trade,1376,32,70,102,0,1180,55,352,413,1249,1327,3618,535,1790,715,72,444,2095,3779,309,28,1288,90,166,6234,1598,46051,2200,390,13,13311,136,0,0,88,0,3,0,0,854,22,1385,0,18,45,49,4,0,0,7689,0,133,0,0,73,63,23,252,105,0,0,0,105,0,37,24,0,0,0,34,0,102021,0,0,0,0,0,0,2889,0,0,0,0,0,0,0,0,0,0,0,0,104910
Motor_vehicle_parts_dealers,0,0,0,0,0,0,0,0,0,0,0,0,0,0,0,0,0,0,0,0,0,0,0,0,0,0,0,0,0,0,0,0,0,0,0,0,0,0,0,0,0,0,0,0,0,0,0,0,0,0,0,0,0,0,0,0,0,0,0,0,0,0,0,0,0,0,0,0,0,0,0,0,0,0,0,0,0,0,0,0,0,0,0,0,0,0,0,0,0,0,0,0
Food_beverage_stores,0,0,0,0,0,0,0,0,0,0,0,0,0,0,0,0,0,0,0,0,0,0,0,0,0,0,0,0,0,0,0,0,0,0,0,0,0,0,0,0,0,0,0,0,0,0,0,0,0,0,0,0,0,0,0,0,0,0,0,0,0,0,0,0,0,0,0,0,0,0,0,0,0,0,0,0,0,0,0,0,0,0,0,0,0,0,0,0,0,0,0,0
General_merchise_stores,0,0,0,0,0,0,0,0,0,0,0,0,0,0,0,0,0,0,0,0,0,0,0,0,0,0,0,0,0,0,0,0,0,0,0,0,0,0,0,0,0,0,0,0,0,0,0,0,0,0,0,0,0,0,0,0,0,0,0,0,0,0,0,0,0,0,0,0,0,0,0,0,0,0,0,0,0,0,0,0,0,0,0,0,0,0,0,0,0,0,0,0
Other_retail,0,0,0,0,0,0,0,0,0,0,0,0,0,0,0,0,0,0,0,0,0,0,0,0,0,0,0,790,0,430,567,0,0,0,0,0,0,0,0,0,0,0,0,0,0,0,0,0,0,0,0,0,0,0,0,0,0,0,0,0,0,0,0,0,0,3,0,0,0,0,0,1790,6183,0,0,0,0,0,0,0,0,0,0,0,0,0,0,0,0,0,0,7972
Air_transportation,0,0,8,28,470,725,323,198,296,292,697,455,45,50,292,197,172,265,890,42,15,208,279,313,418,446,6960,173,50,78,366,237,23,303,1675,26,3,1015,67,721,412,1979,2248,5039,4736,400,395,453,9033,1127,1622,2655,7157,426,8277,615,833,3872,438,562,610,217,385,327,1305,1421,3914,1582,191,4214,76,85347,138971,0,0,0,0,0,47187,0,0,0,0,0,0,0,0,0,0,0,0,271505
Rail_transportation,0,0,0,0,0,101,1,0,0,0,0,0,0,0,0,0,0,1,0,0,0,0,1,0,0,0,75,8,10,0,35,0,84,0,4083,0,3,281,29,0,0,217,1,12,7,138,0,0,0,14,43,17,377,1,127,0,0,10,21,0,0,0,0,0,0,19,96,34,453,378,0,6679,1479,0,0,0,0,0,1366,0,0,0,0,0,0,0,0,0,0,0,0,9524
Water_transportation,0,0,0,0,0,10,13,0,0,0,0,2,0,0,0,0,0,0,0,0,0,0,0,0,11,0,24,11,0,0,0,0,0,0,0,0,4,0,0,0,0,2,0,0,0,0,0,0,0,13,0,0,824,71,22,8,247,8,45,0,11,5,0,0,0,41,1619,71,613,252,0,3927,24214,0,0,0,0,0,4565,0,0,0,0,0,0,0,0,0,0,0,0,32706
Truck_transportation,176,0,0,0,172,0,0,166,56,172,550,149,152,27,130,43,78,151,106,54,13,166,68,540,137,220,3035,1342,817,874,3105,687,114,74,4452,45,6,1962,78,122,54,5,225,0,0,15,3,0,0,90,74,34,1231,3,229,40,20,124,169,25,56,21,4,15,108,158,1016,12,271,280,16,24334,12595,0,0,0,0,0,1632,0,0,0,0,0,0,0,0,0,0,0,0,38561
Transit_ground_passenger_transportation,0,3,3,7,131,639,507,58,90,93,211,143,14,15,95,58,51,102,266,11,4,64,81,94,137,130,781,68,6,16,105,2,427,0,0,0,1,109,7,219,110,1148,919,2143,1499,700,115,542,3170,485,787,1030,4832,153,3424,172,372,1976,1658,766,160,1914,95,126,532,454,14,2,14,16437,461,50961,45355,0,0,0,0,0,0,0,0,0,0,0,0,0,0,0,0,0,0,96316
Pipeline_transportation,0,0,408,0,0,0,0,0,0,0,0,0,0,0,0,0,0,0,0,0,0,0,0,0,0,0,0,0,0,0,0,0,0,0,0,0,0,0,0,0,0,0,0,0,0,0,0,0,0,0,0,0,0,0,0,0,0,0,0,0,0,0,0,0,0,0,0,0,0,0,0,408,0,0,0,0,0,0,316,0,0,0,0,0,0,0,0,0,0,0,0,724
Other_transportation_support_activities,0,266,31,1221,10,7250,0,870,1060,169,131,17,0,4,9,0,288,193,705,75,0,507,338,1554,171,484,47362,2363,857,538,11475,17993,2000,4440,43641,547,406,30923,1460,2074,958,378,3785,788,3114,261,0,0,0,1884,972,518,13035,483,3174,1395,424,1996,2907,456,1004,676,727,134,472,2297,2,68,569,739,4177,228826,25098,0,0,0,0,0,11354,0,0,0,0,0,0,0,0,0,0,0,0,265278
Warehousing_storage,317,0,8,296,0,390,0,3732,1811,161,1784,621,2037,75,199,136,124,595,3969,1610,315,3571,1586,3372,3615,5216,22727,8248,7460,8769,23408,13,2,736,10013,120,12,901,10828,597,221,641,814,0,0,47,0,1,57,344,215,115,1068,5,1940,89,150,660,851,151,223,183,107,698,1257,827,96,141,0,3585,95,143958,125,0,0,0,0,0,183,0,0,0,0,0,0,0,0,0,0,0,0,144266
Publishing_industries_except_internet_(includes_software),44,1,21,0,3,122,487,2,1,6,43,32,9,2,13,64,6,29,8,0,0,5,48,3,65,9,2038,260,114,106,744,7,60,0,76,6,0,441,117,12895,57,988,1532,503,1017,146,30,23,353,291,1404,982,4885,2107,2138,10,793,2040,1259,133,1024,34,78,116,102,1144,1170,832,333,9412,112,52939,138907,0,143401,0,0,929,44898,0,0,1601,0,0,0,1950,0,0,0,5762,0,390386
Motion_picture_sound_recording_industries,0,0,0,0,0,0,0,0,0,0,0,0,0,0,0,0,0,0,0,0,0,0,0,0,0,0,31,319,250,0,148,3,0,0,4,0,66,16,0,37,21518,48047,9,23,28,0,0,0,107,593,11,20,2760,183,59,0,3488,46,17,1847,1248,172,113,2130,2450,864,1240,388,6,883,0,89125,35009,0,40752,0,0,131,19317,0,0,0,0,0,0,0,0,0,0,0,0,184335
Broadcasting_telecommunications,524,39,1110,206,773,1342,6168,217,306,296,924,730,155,156,422,260,150,470,1089,77,23,280,365,517,1110,519,18562,2247,779,648,9650,296,149,128,4458,1064,449,3786,613,2716,486,105491,7513,11883,7185,4716,904,2413,15340,1606,5418,4192,15367,5639,13518,713,2510,7104,4339,1166,1257,501,1471,2278,5764,6273,4053,2845,546,43379,910,350557,333208,6276,31577,0,0,0,12137,0,0,0,0,0,0,0,0,0,0,0,0,733756
Data_processing_internet_publishing__other_information_services,0,0,69,7,15,1411,1104,657,608,911,2049,1308,368,252,581,702,444,709,1339,178,57,684,301,495,841,906,4395,2761,1280,878,5877,129,1,0,215,64,22,854,168,2256,175,5515,14348,10639,3535,1239,1066,38,783,4783,4009,3115,19479,6912,23697,813,5342,2184,4501,423,1458,695,941,747,3916,10850,10230,3757,315,14370,1947,196715,68710,0,14172,0,0,0,6627,0,0,434,0,0,0,392,0,0,0,1444,0,288495
Federal_Reserve_banks_credit_intermediation__related_activities,1331,80,3038,583,1916,7473,7660,256,957,1109,1612,1382,689,349,1200,627,470,846,3556,212,83,302,296,593,1847,1255,21934,2347,3194,3388,16090,2226,4790,715,6656,8686,131,1734,1043,2250,1534,5759,2198,48524,48883,9215,3581,105538,68923,18476,4493,3763,23711,14927,11359,347,2981,11890,1910,3033,1594,562,1580,1371,2477,14557,274,226,2757,5134,10444,546924,276754,0,0,0,0,0,66867,0,0,0,0,0,0,0,0,0,0,0,0,890544
Securities_commodity_contracts__investments,227,34,5312,797,3661,516,1928,45,76,1125,1445,1232,58,233,971,500,366,671,249,16,4,40,48,122,58,108,2465,168,265,445,924,4809,825,7249,1120,1141,65,1935,47,383,280,520,150,41338,62751,5133,101076,182,6052,792,1068,505,3699,9498,2293,57,675,1771,10093,574,2055,362,135,2931,3542,17516,15,98,105,27930,1797,346674,258473,0,0,0,0,0,64894,0,0,0,0,0,0,0,0,0,0,0,0,670041
Insurance_carriers_related_activities,2336,1046,9477,1740,3283,817,429,224,1133,842,972,1456,273,790,1446,1464,405,626,3427,370,156,340,90,381,2543,536,27639,2718,1314,1167,6912,115,40,334,7602,2510,185,1714,1785,533,1677,2881,937,12690,18372,413964,8893,13395,45826,3784,4023,1241,9922,274,8428,1085,2202,5459,73418,1365,4485,1984,1879,1487,3585,5578,0,68679,433,1862,8872,819848,402337,0,0,9663,0,0,18047,0,0,0,0,0,0,0,0,0,0,0,0,1249896
Funds_trusts__other_financial_vehicles,0,0,0,0,0,0,0,0,0,0,0,0,0,0,0,0,0,0,0,0,0,0,0,0,0,0,0,0,0,0,0,0,0,0,0,0,0,0,0,0,0,0,0,0,0,8373,14554,0,0,0,0,0,0,44,0,0,0,0,0,0,0,0,0,0,0,0,0,0,0,0,0,22971,173272,0,0,0,0,0,0,0,0,0,0,0,0,0,0,0,0,0,0,196243
Housing,0,0,0,0,0,0,0,0,0,0,0,0,0,0,0,0,0,0,0,0,0,0,0,0,0,0,0,0,0,0,0,0,0,0,0,0,0,0,0,0,0,0,0,0,0,0,0,0,0,0,0,0,0,0,0,0,0,0,0,0,0,0,0,0,0,0,0,0,0,0,0,0,2221999,0,0,0,0,0,0,0,0,0,0,0,0,0,0,0,0,0,0,2221999
Other_real_estate,29292,116,1381,103,252,3599,20535,587,729,511,4674,1714,4110,514,2101,4965,1040,1480,3999,573,111,1200,1654,92,4400,2257,99978,16952,22544,15345,110699,240,225,363,5587,1020,121,2550,20062,4930,5161,17859,12715,43335,32476,63460,769,7619,128479,8592,23374,5500,56223,35080,19248,1695,37221,48378,43457,28193,19085,10374,14638,9051,81060,46817,3979,8489,1133,36651,3676,1246391,6555,0,0,123358,21951,0,3293,0,0,0,0,0,0,0,0,0,0,0,0,1401548
Rental_leasing_services_lessors_of_intangible_assets,3737,217,5427,1417,4052,858,20760,246,764,931,2075,1509,342,464,1520,968,191,1002,3624,114,63,813,474,1731,4552,764,32411,1405,1671,1990,9834,9736,4614,585,9964,1975,60,1861,1284,2134,3267,12389,7242,9356,6857,5024,30,76,3190,5963,3188,2163,16740,19110,7176,1661,1927,4626,5775,767,547,1906,1903,2196,7660,2511,297,162,510,8235,390,280983,108279,0,0,0,0,0,73908,0,0,0,0,0,0,0,0,0,0,0,0,463170
Legal_services,323,85,5687,536,1660,3330,5406,717,447,932,3257,1412,3057,199,1855,3060,313,1466,1177,217,83,884,504,1315,3604,1276,13597,595,328,776,3754,228,535,197,449,160,136,756,255,2966,872,5206,3716,5294,8646,19786,1332,1567,19238,606,2525,4784,14457,9463,8112,443,406,6049,16179,1385,881,1259,2115,2475,2642,4087,901,196,946,8553,811,222467,106625,0,0,25995,0,0,13294,0,0,0,0,0,0,0,0,0,0,0,0,368380
Computer_systems_design_related_services,350,53,7703,291,46,1399,4577,210,261,340,1805,2633,377,103,525,1296,184,481,1123,102,24,274,489,1093,1371,458,16735,3269,821,1011,5153,125,1401,7,1340,160,7,371,398,6944,628,8531,10358,11522,10051,3501,626,232,2149,661,5217,6952,20715,22253,13435,308,1832,6918,11984,1560,1360,297,1309,830,2388,4182,20875,13596,416,19520,2675,272190,0,24170,221948,0,0,0,26525,0,201,9660,0,0,0,23912,0,0,10,12186,0,590802
Miscellaneous_professional_scientific__technical_services,1727,761,6411,2657,9050,10568,52880,3181,3065,5808,11308,6333,6863,1884,6739,5797,2580,5995,15922,1445,503,3742,2213,5093,16158,6344,115278,20806,8698,8694,64660,833,2682,1184,6265,1320,1804,3249,1914,15147,10411,61611,34681,68921,44941,27917,2905,979,121880,7602,9733,26364,145839,55195,49477,2979,5568,35013,45695,9440,6521,5513,7069,11076,33402,26218,36687,8015,1794,55019,15834,1421859,76497,38368,463014,3466,0,0,153360,0,0,57056,0,0,0,73758,0,0,0,20239,0,2307617
Management_of_companies_enterprises,0,0,13585,3265,1460,23,8129,987,1993,1750,10272,18222,14592,1527,15491,6024,625,3919,25809,1216,741,3127,838,9232,29236,2825,89805,1720,5364,20484,26613,419,12,1019,8439,656,6,3876,645,6322,786,3258,1775,5785,14439,2174,470,39,2464,4846,6970,6065,26062,100,48447,3225,4283,26718,9486,4201,2389,2543,2151,21163,63245,9325,0,0,518,0,0,613196,0,0,0,0,0,0,4095,0,0,0,0,0,0,0,0,0,0,0,0,617290
Administrative_support_services,651,73,1224,686,1917,13259,9334,754,1443,3216,8016,2454,2709,573,3933,4071,382,1671,4656,420,386,1830,2864,3339,6124,2162,75329,6041,4147,3936,29902,7098,1522,6307,14526,4077,816,8790,4735,11078,2690,25966,28803,29134,17428,8043,328,4725,132415,12026,10188,26549,68981,9169,73095,3521,4058,27788,52178,9492,3734,5100,3708,8221,13730,14975,12740,1535,2288,37622,6608,913284,68983,0,0,0,0,0,2355,0,0,0,0,0,0,0,0,0,0,0,0,984622
Waste_management_remediation_services,224,13,1399,240,382,605,2841,114,247,428,435,232,48,69,220,139,100,140,1505,93,9,331,92,747,2087,320,2886,1023,545,297,2015,20,94,52,1119,87,17,475,894,128,38,311,81,878,129,1408,447,16,14074,362,148,153,1952,709,2325,10263,685,2624,3060,1039,794,112,1038,1320,2963,2426,453,233,185,18128,3268,94331,27372,0,0,0,0,0,135,0,0,0,0,0,0,0,0,0,0,0,0,121839
Educational_services,15,5,0,0,0,196,8,0,0,0,0,0,0,0,0,0,0,0,0,0,0,0,71,36,0,2,2631,53,1249,0,5799,208,45,0,0,0,9,65,0,0,0,99,233,39,19,0,0,0,0,0,0,74,124,0,1206,0,4567,1,27,0,0,1904,278,0,0,4453,1338,52,146,16583,14,41547,365110,0,0,0,0,0,1964,0,0,0,0,0,0,0,0,0,0,0,0,408620
Ambulatory_health_care_services,0,0,0,0,0,0,0,0,0,0,0,0,0,0,0,0,0,0,0,0,0,0,0,0,0,0,0,0,0,0,0,0,0,0,0,0,0,0,0,0,0,0,0,0,0,0,0,0,0,0,0,0,76,0,107,0,0,16005,15865,110,7,144,3,0,0,135,0,693,0,10635,0,43780,1087818,0,0,0,0,0,90,0,0,0,0,0,0,0,0,0,0,0,0,1131687
Hospitals,0,0,0,0,0,0,0,0,0,0,0,0,0,0,0,0,0,0,0,0,0,0,0,0,0,0,0,0,0,0,0,0,0,0,0,0,0,0,0,0,0,0,0,0,0,0,0,0,0,0,0,0,0,0,0,0,0,0,4721,0,0,0,0,0,0,0,0,0,0,0,0,4721,1144147,0,0,0,0,0,2307,0,0,0,0,0,0,0,0,0,0,0,0,1151175
Nursing_residential_care_facilities,0,0,0,0,0,0,0,0,0,0,0,0,0,0,0,0,0,0,0,0,0,0,0,0,0,0,0,0,0,0,0,0,0,0,0,0,0,0,0,0,0,0,0,0,0,0,0,0,0,0,0,0,0,0,0,0,0,0,0,0,0,0,0,0,0,0,0,540,0,455,0,995,258784,0,0,0,0,0,0,0,0,0,0,0,0,0,0,0,0,0,0,259780
Social_assistance,0,0,0,0,0,0,0,0,0,0,0,0,0,0,0,0,0,0,0,0,0,0,0,0,0,0,0,0,0,0,0,0,0,0,0,0,0,0,0,0,0,0,0,0,0,0,0,0,0,0,0,0,0,0,0,0,0,0,0,0,0,0,0,0,0,0,0,0,0,1301,0,1301,221983,0,0,0,0,0,0,0,0,0,0,0,0,0,0,0,0,0,0,223284
Performing_arts_spectator_sports_museums__related_activities,54,2,1,0,25,98,134,35,40,65,94,71,4,8,48,28,19,41,172,11,3,42,36,98,53,82,2239,597,548,59,645,71,238,0,149,20,0,400,34,227,8410,24774,335,1652,867,314,179,15,6327,317,771,501,6339,3094,2400,87,1358,913,1009,276,306,21407,1138,453,1788,3425,1140,35,63,1263,14,97459,84209,0,5948,0,0,0,1485,0,0,0,0,0,0,0,0,0,0,0,0,189101
Amusements_gambling__recreation_industries,14,0,0,0,12,19,51,5,7,7,18,11,1,1,7,5,4,8,22,1,0,5,7,8,10,11,199,3,27,1,265,0,0,0,0,0,0,4,1,20,10,65,85,185,135,32,10,18,279,28,83,99,306,467,436,16,56,203,9,24,30,170,8,335,324,47,95,1,0,369,260,4940,209367,0,0,0,0,0,0,0,0,0,0,0,0,0,0,0,0,0,0,214307
Accommodation,2,0,7,18,304,789,389,131,204,209,480,326,32,40,212,134,114,233,609,30,10,144,258,214,313,349,2203,28,80,41,273,0,19,0,0,0,5,834,83,612,336,1998,2592,5617,4131,937,318,577,8522,1067,1975,2861,7580,832,8235,625,677,4073,289,430,448,169,201,462,1515,1209,939,428,43,3050,174,72042,162596,0,0,0,0,0,0,0,0,0,0,0,0,0,0,0,0,0,0,234638
Food_services_drinking_places,459,41,38,39,472,1469,414,172,232,292,527,394,43,66,252,156,120,253,837,51,13,191,206,452,364,365,5295,868,954,761,3631,13775,5,28,1454,153,28,1711,200,550,503,1878,2308,8418,4180,3706,726,2981,24828,1598,3408,3614,18344,3285,15159,558,1947,21661,13626,10029,2182,661,1894,7116,3728,4069,327,125,752,11909,461,213315,794009,0,0,0,0,0,2470,0,0,0,0,0,0,0,0,0,0,0,0,1009794
Other_services_except_government,359,464,206,133,841,515,7762,504,883,1558,2115,1044,326,238,1285,379,221,516,2884,203,23,1742,504,1477,3859,1234,29619,2453,3404,2041,10353,205,158,72,11149,1070,193,2537,1232,683,240,3784,2955,8749,3954,7919,697,62,10543,7165,1326,810,10258,6737,11409,2398,1201,5605,16518,1920,877,1073,1536,2602,12412,10351,2817,348,1210,29686,2023,265628,656227,0,0,0,0,0,77,0,0,0,0,0,0,0,0,0,0,0,0,921932
Federal_general_government_(defense),0,0,0,0,0,0,0,0,0,0,0,0,0,0,0,0,0,0,0,0,0,0,0,0,0,0,0,0,0,0,0,0,0,0,0,0,0,0,0,0,0,0,0,0,0,0,0,0,0,0,0,0,0,0,0,0,0,0,0,0,0,0,0,0,0,0,0,0,0,0,0,0,0,0,0,0,0,0,0,637399,0,0,0,0,0,0,0,0,0,0,0,637399
Federal_general_government_(nondefense),0,0,0,0,0,0,0,0,0,0,0,0,0,0,0,0,0,0,0,0,0,0,0,0,0,0,0,0,0,0,0,0,0,0,0,0,0,0,0,0,0,0,0,0,0,0,0,0,0,0,0,0,0,0,0,0,0,0,0,0,0,0,0,0,0,0,0,0,0,0,0,0,0,0,0,0,0,0,0,0,0,0,0,419506,0,0,0,0,0,0,0,419506
Federal_government_enterprises,11,3,0,4,0,146,6,0,0,9,32,296,2,145,0,0,0,26,0,1,0,0,53,95,64,0,14296,573,396,253,3545,4,0,2929,6958,190,37,921,332,589,299,316,1154,2541,11870,92,0,4,330,505,381,182,2480,151,1217,109,490,882,1755,292,340,136,90,800,2896,1265,0,135,2,1366,115,64112,6148,0,0,0,0,0,894,0,0,0,0,0,0,0,0,0,0,0,0,71154
State_local_general_government,0,0,0,0,0,0,0,0,0,0,0,0,0,0,0,0,0,0,0,0,0,0,0,0,0,0,0,0,0,0,0,0,0,0,0,0,0,0,0,0,0,0,0,0,0,0,0,0,0,0,0,0,0,0,0,0,0,0,0,0,0,0,0,0,0,0,0,0,0,0,0,0,0,0,0,0,0,0,0,0,0,0,0,0,0,0,0,1847409,0,0,0,1847409
State_local_government_enterprises,0,5,0,0,0,2763,0,39,115,211,178,99,27,37,101,42,30,56,752,49,6,165,35,347,1176,125,1114,361,292,137,941,2,0,0,249,9,6,136,478,78,46,193,74,543,207,84,0,0,914,999,664,197,2160,375,1706,116,102,855,1051,390,2690,55,300,690,1562,1313,428,310,157,5562,780,34685,75522,0,0,0,0,0,0,0,0,0,0,0,0,0,0,0,0,0,0,110207
Noncomparable_imports_rest-of-the-world_adjustment,1055,68,1319,56,432,1329,2169,235,237,761,864,1410,1308,408,1784,755,148,517,2554,120,29,542,277,2673,2723,664,6095,56,617,706,3129,16938,224,2717,1258,16,47,461,102,1017,417,8432,825,3303,33523,1719,182,1735,3017,925,366,1288,3133,1525,1593,98,669,0,0,333,0,290,282,789,1906,547,7447,3975,788,0,0,136927,-77332,0,10333,0,0,0,223004,0,0,0,0,0,0,0,0,0,0,0,0,292932
Scrap_used_secondh_goods,-45,277,0,-23,785,7066,2362,0,97,34649,389,5,0,0,0,0,0,259,0,29,0,4762,0,0,64,61,0,31,0,0,344,-570,0,-74,272,3,113,7251,2,0,430,6,0,0,0,0,0,0,0,-38,0,0,0,247,0,0,2800,3,0,0,0,-63,1242,0,0,12708,-43,0,0,0,0,75399,186435,-127898,0,-740,-2840,8563,42030,0,0,0,-4,0,2595,0,-294,0,8317,0,4252,195814
Total_Intermediate,259647,20529,174906,45490,56773,183451,769264,75575,71456,192512,235797,243826,80094,69678,591874,182811,47436,80881,704636,38012,10729,132844,42760,479811,460112,154997,828615,106896,95270,89534,444236,95106,41376,38285,198674,31316,6347,126539,70358,93372,65660,433901,172790,364443,359420,594308,143578,231379,867725,109909,98314,121363,609834,240824,409472,49839,114015,347565,445365,106097,87858,66090,69036,112179,400276,302440,244302,135761,30261,805196,202074,16013103,13998666,1222584,931146,786659,633191,54724,2200514,637399,83747,68751,3698,419506,21826,100011,12330,1847409,47866,39631,309290,39432054
Compensation_of_employees,32707,26767,29872,18750,35603,85248,553766,23457,30773,33844,105373,100354,158140,38142,80112,84224,22575,56569,118149,12515,7745,30913,26517,20880,105544,49160,544852,121889,98575,95685,311198,58676,22868,7506,103824,23831,7762,92694,60454,145248,37351,113242,81026,273824,254626,285929,2437,19872,99979,38680,136806,285450,632306,342657,430807,32140,197526,574555,411919,137617,121548,62794,56239,86876,309319,320889,258668,192965,61823,1387571,111172,10941366,0,0,0,0,0,0,0,0,0,0,0,0,0,0,0,0,0,0,0,0
Gross_operating_surplus,98676,8273,171756,35920,11404,175254,274931,16283,29263,27388,50613,51501,130356,27278,78382,74608,7160,38413,122202,5706,1179,24166,13054,148323,252903,28897,422505,38864,30967,12289,172567,57502,21475,6390,60077,21330,34535,29229,8493,121843,55164,289863,169562,328802,52007,275650,19577,1737998,372291,170236,111207,58485,281357,42865,140437,20247,48221,167894,71044,8652,10140,64217,21420,56257,94712,91988,162032,115302,6281,212964,62639,8261464,0,0,0,0,0,0,0,0,0,0,0,0,0,0,0,0,0,0,0,0
Other_taxes_on_production,10256,1253,23965,2949,2002,34314,8595,685,1493,2502,3137,3609,8453,1171,3650,2802,389,1620,7007,607,286,1764,740,3635,14622,1665,13202,3651,3455,3493,12467,3791,1404,877,4183,888,3646,2275,828,5033,3770,3580,4214,18310,4669,6585,755,263492,28342,9197,1263,2005,9896,7806,4159,1960,8891,8316,12243,3635,1202,2748,4093,6442,4351,10835,0,0,0,0,0,635124,0,0,0,0,0,0,0,0,0,0,0,0,0,0,0,0,0,0,0,0
Value_Added_(basic_prices),141640,36293,225593,57620,49009,294816,837292,40425,61529,63734,159122,155464,296949,66591,162143,161634,30124,96602,247358,18829,9210,56843,40311,172838,373068,79723,980559,164405,132997,111466,496232,119969,45746,14772,168083,46049,45943,124198,69775,272124,96284,406684,254802,620935,311302,568164,22769,2021361,500612,218113,249276,345940,923559,393328,575403,54347,254638,750764,495206,149905,132889,129759,81751,149575,408382,423712,420700,308267,68104,1600535,173810,19837954,0,0,0,0,0,0,0,0,0,0,0,0,0,0,0,0,0,0,0,0
Total_industry_output_(basic_prices),401286,56822,400500,103110,105782,478267,1606556,116000,132985,256247,394920,399290,377043,136269,754017,344446,77561,177483,951994,56841,19939,189687,83071,652649,833181,234720,1809174,271301,228267,201000,940468,215075,87122,53057,366758,77365,52289,250737,140133,365496,161944,840586,427592,985378,670722,1162471,166346,2252741,1368337,328022,347590,467302,1533394,634152,984875,104186,368652,1098330,940571,256002,220747,195849,150787,261754,808658,726152,665002,444028,98365,2405731,375884,35851057,0,0,0,0,0,0,0,0,0,0,0,0,0,0,0,0,0,0,0,0
Taxes_on_products_imports,0,599,11218,2956,250,31036,1850,120,140,121,642,234,378,116,234,97,41,226,21586,36,11,108,54,567,5047,400,231670,47803,23402,39528,111047,23319,784,214,547,1063,79,299,130,1227,3425,31819,1383,2093,1315,41048,173,0,1327,13026,17011,4949,5676,1543,6435,1951,910,1428,2711,3076,938,6449,9463,24959,50270,13516,0,0,0,0,593,806664,0,0,0,0,0,0,0,0,0,0,0,0,0,0,0,0,0,0,0,0
Less:_Subsidies,-12068,0,0,0,0,0,0,0,0,0,0,0,0,-261,0,0,0,0,0,0,0,0,0,-1188,-14,0,0,0,0,0,0,-226,-2597,-23,0,0,0,0,0,0,0,-5,0,-477,0,0,0,-18466,-1690,0,0,0,0,0,0,0,0,0,-9,0,0,0,0,0,0,0,0,0,-6272,0,-21100,-64396,0,0,0,0,0,0,0,0,0,0,0,0,0,0,0,0,0,0,0,0
Value_Added_(producer_prices),129572,36892,236811,60576,49258,325852,839143,40545,61669,63855,159764,155698,297326,66447,162377,161731,30166,96827,268944,18865,9221,56951,40365,172217,378101,80122,1212229,212208,156399,150994,607279,143062,43934,14963,168631,47112,46022,124497,69904,273351,99709,438498,256185,622551,312616,609211,22942,2002895,500248,231139,266287,350888,929236,394871,581837,56298,255548,752193,497908,152980,133827,136208,91214,174534,458652,437228,420700,308267,61832,1600535,153304,20580223,0,0,0,0,0,0,0,0,0,0,0,0,0,0,0,0,0,0,0,0