Product,Agriculture,Forestry and fishing,Coal extraction etc,Extraction of oil and gas,Mineral oil processing,Electricity etc,Gas,Water,Extraction of metal ores etc,Iron and steel etc,Aluminium etc,Other non-ferrous metals,Extraction of stone etc,Clay products,Cement etc,Concrete etc,Glass,Refractory and ceramic goods,Inorganic chemicals,Organic chemicals,Fertilisers,Synthetic resins etc,"Paints, dyes etc",Special chemicals,Pharmaceuticals,Soap and toiletries,Chemical products nes,Man-made fibres,Metal castings etc,"Metal doors, windows etc",Metal packaging products,Metal goods nes,Industrial plant and steelwork,Agricultural machinery etc,Machine tools,Engineers small tools,Textile etc machinery,Processing machinery etc,Mining etc equipment,Mech power transmission equip,Other machinery etc,Ordnance etc,"Office machinery, computers etc",Insulated wires and cables,Basic electrical equipment,Industrial electrical equipment,Telecommunication etc equipment,Electronic components,Electronic consumers goods etc,Domestic electric appliances,Electric lighting equipment,Motor Vehicles and parts,Shipbuilding and repairing,Aerospace etc,Other vehicles,Instrument engineering,Oils and fats,Slaughtering and meat processing,Milk and milk products,"Fruit, veg and fish processing",Grain milling and starch,"Bread, biscuits etc",Sugar,Confectionery,Animal feeding stuffs,Miscellaneous foods,Alcoholic drink,Soft drinks,Tobacco,Woollen and worsted,Cotton etc spinning and weaving,Hosiery and other knitted goods,Textile finishing,Carpets etc,Jute etc,Leather and leather goods,Footwear,Clothing and furs,Household and other textiles,Timber and wood products,Wooden furniture etc,"Pulp, paper and board",Paper and board products,Printing and publishing,Rubber products,Processing of plastics,Other manufacturing,Construction,Distribution etc,"Hotels, catering etc",Railways,Road transport etc,Sea transport,Air transport,Transport services,Postal services,Telecommunications,Banking and finance,Insurance,Business services etc,Other services,Public administration etc,Adjusts,Total,Consumers' expenditure,GGFC,GDFCF,Stocks,Exports,TOTAL Final Demand,TOTAL
Agriculture,2296.0,0.0,0.0,0.0,0.0,0.0,0.0,0.0,0.0,0.0,0.0,0.0,0.0,0.0,0.0,0.0,0.0,0.0,0.0,0.0,0.0,0.0,0.0,4.0,0.0,0.0,0.0,0.0,0.0,0.0,0.0,0.0,0.0,0.0,0.0,0.0,0.0,0.0,0.0,0.0,0.0,0.0,0.0,0.0,0.0,0.0,0.0,0.0,0.0,0.0,0.0,0.0,0.0,0.0,0.0,0.0,216.0,3047.0,1999.0,187.0,710.0,22.0,210.0,293.0,652.0,312.0,532.0,24.0,40.0,15.0,6.0,0.0,0.0,10.0,9.0,0.0,3.0,0.0,5.0,2.0,0.0,23.0,0.0,0.0,17.0,0.0,1.0,0.0,165.0,147.0,0.0,0.0,7.0,0.0,0.0,0.0,0.0,0.0,0.0,11.0,19.0,0.0,0.0,10985.0,1990.0,113.0,0.0,24.0,1262.0,3390.0,14375.0
Forestry and fishing,0.0,4.0,0.0,0.0,0.0,0.0,0.0,0.0,0.0,0.0,0.0,0.0,0.0,0.0,0.0,0.0,0.0,0.0,0.0,0.0,0.0,10.0,7.0,2.0,1.0,0.0,1.0,0.0,0.0,0.0,0.0,0.0,0.0,0.0,0.0,0.0,0.0,0.0,0.0,0.0,0.0,0.0,0.0,0.0,0.0,0.0,0.0,0.0,0.0,0.0,0.0,0.0,0.0,0.0,0.0,0.0,0.0,6.0,0.0,162.0,0.0,0.0,0.0,7.0,14.0,0.0,0.0,0.0,0.0,0.0,0.0,0.0,1.0,0.0,0.0,0.0,0.0,0.0,0.0,158.0,24.0,0.0,0.0,0.0,0.0,0.0,0.0,6.0,3.0,1.0,0.0,0.0,1.0,0.0,0.0,0.0,0.0,0.0,0.0,0.0,0.0,0.0,0.0,407.0,228.0,11.0,0.0,2.0,97.0,337.0,744.0
Coal extraction etc,2.0,0.0,87.0,0.0,0.0,1147.0,1.0,1.0,0.0,345.0,6.0,16.0,0.0,7.0,91.0,24.0,0.0,5.0,32.0,25.0,0.0,6.0,10.0,7.0,2.0,1.0,0.0,6.0,25.0,0.0,0.0,1.0,2.0,0.0,1.0,0.0,0.0,1.0,2.0,0.0,3.0,1.0,0.0,1.0,1.0,10.0,0.0,0.0,0.0,1.0,0.0,15.0,0.0,4.0,2.0,0.0,0.0,0.0,2.0,1.0,2.0,0.0,9.0,4.0,2.0,1.0,5.0,1.0,0.0,4.0,2.0,1.0,5.0,2.0,1.0,1.0,0.0,0.0,1.0,0.0,0.0,23.0,4.0,0.0,3.0,2.0,0.0,2.0,0.0,1.0,0.0,0.0,0.0,0.0,0.0,0.0,0.0,0.0,0.0,0.0,0.0,0.0,0.0,1972.0,415.0,98.0,0.0,-742.0,87.0,-142.0,1830.0
Extraction of oil and gas,0.0,0.0,0.0,862.0,7135.0,0.0,1936.0,0.0,0.0,0.0,0.0,0.0,0.0,1.0,0.0,0.0,0.0,1.0,0.0,0.0,0.0,0.0,0.0,0.0,0.0,0.0,0.0,0.0,0.0,0.0,0.0,0.0,0.0,0.0,0.0,0.0,0.0,0.0,0.0,0.0,0.0,0.0,0.0,0.0,0.0,0.0,0.0,0.0,0.0,0.0,0.0,0.0,0.0,0.0,0.0,0.0,0.0,0.0,0.0,0.0,0.0,0.0,0.0,0.0,0.0,0.0,0.0,0.0,0.0,0.0,0.0,0.0,0.0,0.0,0.0,0.0,0.0,0.0,0.0,0.0,0.0,0.0,0.0,0.0,0.0,0.0,0.0,0.0,0.0,0.0,0.0,0.0,0.0,0.0,0.0,0.0,0.0,0.0,0.0,0.0,0.0,0.0,0.0,9935.0,0.0,0.0,0.0,0.0,12574.0,12574.0,22509.0
Mineral oil processing,293.0,22.0,15.0,0.0,1072.0,3233.0,10.0,3.0,3.0,15.0,5.0,3.0,5.0,6.0,4.0,53.0,8.0,2.0,15.0,874.0,26.0,232.0,13.0,14.0,7.0,4.0,3.0,3.0,6.0,1.0,1.0,5.0,4.0,2.0,1.0,1.0,2.0,1.0,5.0,2.0,9.0,1.0,0.0,1.0,4.0,2.0,2.0,1.0,1.0,1.0,1.0,16.0,4.0,9.0,2.0,1.0,2.0,7.0,9.0,3.0,2.0,6.0,4.0,2.0,5.0,4.0,17.0,2.0,1.0,2.0,2.0,2.0,3.0,2.0,1.0,1.0,0.0,3.0,1.0,5.0,5.0,5.0,7.0,7.0,4.0,6.0,2.0,300.0,612.0,22.0,73.0,655.0,136.0,613.0,6.0,23.0,38.0,16.0,8.0,58.0,45.0,0.0,0.0,8752.0,1706.0,1062.0,0.0,-272.0,3643.0,6140.0,14892.0
Electricity etc,99.0,12.0,262.0,0.0,58.0,873.0,16.0,114.0,15.0,213.0,58.0,59.0,11.0,21.0,56.0,87.0,45.0,22.0,26.0,186.0,48.0,49.0,27.0,106.0,42.0,14.0,6.0,28.0,104.0,4.0,17.0,39.0,27.0,8.0,7.0,11.0,10.0,11.0,20.0,17.0,66.0,9.0,13.0,19.0,23.0,20.0,34.0,33.0,6.0,10.0,7.0,132.0,37.0,47.0,9.0,13.0,13.0,35.0,34.0,24.0,22.0,36.0,3.0,27.0,32.0,32.0,55.0,7.0,10.0,21.0,27.0,15.0,15.0,8.0,10.0,4.0,5.0,17.0,4.0,34.0,22.0,71.0,61.0,76.0,41.0,102.0,16.0,155.0,1004.0,220.0,144.0,25.0,12.0,22.0,12.0,69.0,81.0,190.0,81.0,164.0,87.0,0.0,0.0,6439.0,4568.0,672.0,25.0,8.0,401.0,5674.0,12113.0
Gas,89.0,3.0,7.0,0.0,2.0,69.0,211.0,1.0,5.0,115.0,16.0,20.0,0.0,38.0,13.0,22.0,55.0,38.0,38.0,103.0,25.0,13.0,12.0,19.0,12.0,5.0,2.0,7.0,60.0,1.0,12.0,21.0,10.0,4.0,2.0,5.0,4.0,3.0,8.0,7.0,23.0,7.0,3.0,5.0,10.0,8.0,10.0,7.0,3.0,4.0,3.0,65.0,5.0,21.0,4.0,5.0,9.0,7.0,9.0,9.0,5.0,33.0,21.0,6.0,6.0,19.0,51.0,1.0,3.0,2.0,2.0,6.0,11.0,3.0,3.0,2.0,1.0,6.0,2.0,8.0,5.0,68.0,20.0,19.0,17.0,25.0,6.0,75.0,544.0,151.0,34.0,7.0,8.0,10.0,14.0,23.0,22.0,215.0,80.0,96.0,64.0,0.0,0.0,2984.0,3426.0,371.0,0.0,0.0,3.0,3800.0,6784.0
Water,82.0,5.0,0.0,0.0,27.0,78.0,0.0,48.0,0.0,34.0,6.0,5.0,0.0,3.0,2.0,35.0,6.0,3.0,26.0,27.0,11.0,8.0,5.0,8.0,11.0,6.0,2.0,7.0,8.0,0.0,0.0,1.0,1.0,1.0,1.0,0.0,1.0,14.0,1.0,1.0,1.0,0.0,1.0,1.0,0.0,1.0,1.0,2.0,0.0,0.0,0.0,12.0,15.0,17.0,5.0,5.0,2.0,9.0,11.0,18.0,1.0,3.0,5.0,2.0,1.0,4.0,16.0,4.0,0.0,3.0,1.0,1.0,4.0,1.0,0.0,0.0,0.0,0.0,0.0,1.0,0.0,8.0,4.0,10.0,2.0,3.0,0.0,24.0,107.0,15.0,2.0,3.0,1.0,1.0,10.0,3.0,6.0,27.0,8.0,26.0,36.0,0.0,0.0,914.0,470.0,172.0,0.0,0.0,0.0,641.0,1556.0
Extraction of metal ores etc,0.0,0.0,0.0,0.0,0.0,0.0,0.0,0.0,4.0,85.0,38.0,33.0,0.0,0.0,0.0,6.0,0.0,16.0,23.0,4.0,0.0,0.0,11.0,0.0,0.0,0.0,0.0,0.0,1.0,0.0,0.0,0.0,0.0,0.0,0.0,5.0,0.0,0.0,1.0,0.0,2.0,0.0,0.0,0.0,1.0,0.0,0.0,1.0,0.0,0.0,0.0,0.0,0.0,1.0,0.0,0.0,0.0,0.0,0.0,0.0,0.0,1.0,0.0,0.0,0.0,0.0,0.0,0.0,0.0,0.0,0.0,0.0,0.0,0.0,0.0,0.0,0.0,0.0,0.0,0.0,0.0,8.0,0.0,0.0,0.0,0.0,0.0,41.0,0.0,0.0,0.0,0.0,0.0,0.0,0.0,0.0,0.0,0.0,0.0,0.0,0.0,0.0,0.0,280.0,0.0,21.0,0.0,-94.0,82.0,9.0,289.0
Iron and steel etc,5.0,0.0,195.0,21.0,0.0,11.0,16.0,7.0,1.0,1600.0,2.0,179.0,0.0,0.0,0.0,30.0,3.0,1.0,1.0,1.0,0.0,0.0,0.0,0.0,1.0,0.0,0.0,0.0,360.0,27.0,347.0,340.0,256.0,38.0,18.0,47.0,31.0,42.0,173.0,51.0,311.0,21.0,19.0,24.0,74.0,31.0,22.0,14.0,0.0,59.0,16.0,406.0,66.0,22.0,29.0,27.0,0.0,0.0,0.0,0.0,0.0,0.0,0.0,0.0,0.0,0.0,0.0,0.0,0.0,0.0,0.0,0.0,0.0,0.0,0.0,0.0,0.0,0.0,0.0,16.0,38.0,1.0,6.0,1.0,49.0,15.0,17.0,468.0,0.0,0.0,29.0,52.0,0.0,0.0,0.0,4.0,15.0,0.0,0.0,0.0,0.0,0.0,0.0,5654.0,0.0,13.0,0.0,16.0,1594.0,1622.0,7276.0
Aluminium etc,0.0,0.0,0.0,0.0,0.0,2.0,0.0,1.0,0.0,35.0,188.0,12.0,0.0,0.0,0.0,3.0,5.0,1.0,0.0,0.0,0.0,1.0,7.0,4.0,0.0,0.0,0.0,0.0,65.0,71.0,119.0,58.0,17.0,0.0,3.0,4.0,36.0,2.0,8.0,3.0,39.0,7.0,3.0,36.0,9.0,18.0,17.0,14.0,5.0,10.0,13.0,65.0,4.0,25.0,4.0,6.0,0.0,0.0,0.0,0.0,0.0,0.0,0.0,0.0,0.0,0.0,0.0,0.0,0.0,0.0,0.0,0.0,0.0,0.0,0.0,0.0,0.0,1.0,0.0,4.0,12.0,0.0,3.0,5.0,1.0,5.0,17.0,36.0,0.0,0.0,0.0,0.0,0.0,0.0,0.0,0.0,0.0,0.0,0.0,0.0,0.0,0.0,0.0,996.0,0.0,1.0,0.0,32.0,406.0,439.0,1435.0
Other non-ferrous metals,12.0,0.0,0.0,0.0,0.0,3.0,0.0,0.0,0.0,54.0,7.0,69.0,0.0,0.0,0.0,1.0,0.0,2.0,29.0,0.0,0.0,0.0,5.0,11.0,0.0,0.0,6.0,0.0,74.0,2.0,4.0,56.0,18.0,0.0,1.0,2.0,2.0,4.0,5.0,5.0,30.0,6.0,1.0,91.0,29.0,13.0,10.0,27.0,2.0,5.0,7.0,29.0,3.0,20.0,1.0,14.0,0.0,0.0,0.0,0.0,0.0,0.0,0.0,0.0,0.0,0.0,0.0,0.0,0.0,0.0,0.0,0.0,0.0,0.0,0.0,0.0,0.0,0.0,0.0,1.0,1.0,0.0,1.0,3.0,0.0,6.0,58.0,54.0,0.0,0.0,0.0,5.0,0.0,0.0,0.0,3.0,10.0,0.0,0.0,0.0,0.0,0.0,0.0,800.0,6.0,3.0,0.0,-81.0,1578.0,1505.0,2306.0
Extraction of stone etc,4.0,0.0,0.0,0.0,0.0,0.0,0.0,0.0,3.0,6.0,1.0,0.0,5.0,6.0,12.0,92.0,13.0,19.0,0.0,0.0,0.0,0.0,0.0,0.0,0.0,0.0,0.0,0.0,1.0,0.0,0.0,0.0,0.0,0.0,0.0,0.0,0.0,0.0,1.0,0.0,0.0,0.0,0.0,0.0,0.0,0.0,0.0,0.0,0.0,0.0,0.0,0.0,0.0,0.0,0.0,0.0,0.0,0.0,0.0,0.0,0.0,0.0,0.0,0.0,0.0,0.0,0.0,0.0,0.0,0.0,0.0,0.0,0.0,0.0,0.0,0.0,0.0,0.0,0.0,0.0,0.0,0.0,0.0,0.0,0.0,0.0,0.0,57.0,0.0,0.0,4.0,0.0,0.0,0.0,0.0,0.0,0.0,0.0,0.0,0.0,0.0,0.0,0.0,224.0,0.0,9.0,0.0,4.0,12.0,24.0,248.0
Clay products,12.0,0.0,0.0,0.0,0.0,0.0,9.0,0.0,0.0,0.0,0.0,0.0,0.0,1.0,0.0,3.0,0.0,0.0,0.0,0.0,0.0,0.0,0.0,0.0,0.0,0.0,0.0,0.0,0.0,0.0,0.0,0.0,2.0,0.0,0.0,0.0,0.0,0.0,0.0,0.0,0.0,0.0,0.0,0.0,0.0,0.0,0.0,0.0,0.0,0.0,0.0,0.0,0.0,0.0,0.0,0.0,0.0,0.0,0.0,0.0,0.0,0.0,0.0,0.0,0.0,0.0,0.0,0.0,0.0,0.0,0.0,0.0,0.0,0.0,0.0,0.0,0.0,0.0,0.0,0.0,0.0,0.0,0.0,0.0,0.0,0.0,0.0,549.0,0.0,0.0,5.0,0.0,0.0,0.0,0.0,0.0,3.0,0.0,0.0,0.0,0.0,0.0,0.0,583.0,0.0,0.0,0.0,3.0,15.0,18.0,601.0
Cement etc,23.0,0.0,0.0,0.0,0.0,0.0,1.0,1.0,0.0,17.0,0.0,0.0,1.0,0.0,0.0,339.0,0.0,0.0,6.0,2.0,0.0,1.0,0.0,0.0,0.0,0.0,0.0,0.0,0.0,0.0,0.0,0.0,2.0,0.0,0.0,0.0,0.0,0.0,0.0,0.0,0.0,0.0,0.0,0.0,0.0,0.0,0.0,0.0,0.0,0.0,0.0,0.0,0.0,0.0,0.0,0.0,0.0,0.0,0.0,0.0,0.0,0.0,2.0,0.0,0.0,0.0,0.0,0.0,0.0,0.0,0.0,0.0,0.0,0.0,0.0,0.0,0.0,0.0,0.0,0.0,0.0,0.0,0.0,0.0,7.0,4.0,0.0,233.0,2.0,0.0,12.0,0.0,0.0,0.0,0.0,0.0,0.0,0.0,0.0,0.0,1.0,0.0,0.0,654.0,48.0,68.0,0.0,-3.0,15.0,129.0,782.0
Concrete etc,17.0,0.0,0.0,0.0,0.0,9.0,8.0,10.0,0.0,8.0,0.0,0.0,0.0,0.0,0.0,148.0,2.0,1.0,0.0,0.0,0.0,2.0,0.0,1.0,0.0,2.0,0.0,0.0,34.0,0.0,0.0,5.0,41.0,1.0,0.0,4.0,0.0,5.0,2.0,9.0,14.0,0.0,0.0,0.0,1.0,0.0,0.0,1.0,0.0,5.0,0.0,77.0,4.0,40.0,0.0,0.0,0.0,0.0,0.0,0.0,0.0,0.0,4.0,0.0,0.0,0.0,0.0,0.0,0.0,0.0,1.0,0.0,0.0,0.0,0.0,0.0,0.0,0.0,0.0,12.0,6.0,0.0,0.0,0.0,13.0,2.0,1.0,2871.0,13.0,0.0,0.0,0.0,0.0,0.0,0.0,2.0,2.0,0.0,0.0,0.0,4.0,0.0,0.0,3377.0,154.0,25.0,0.0,-2.0,319.0,496.0,3873.0
Glass,6.0,2.0,0.0,0.0,0.0,2.0,1.0,1.0,0.0,1.0,0.0,1.0,0.0,0.0,0.0,6.0,79.0,0.0,0.0,0.0,0.0,3.0,0.0,1.0,20.0,14.0,1.0,0.0,1.0,15.0,0.0,8.0,14.0,2.0,0.0,0.0,0.0,1.0,1.0,0.0,18.0,0.0,1.0,6.0,8.0,2.0,1.0,11.0,0.0,4.0,14.0,57.0,1.0,5.0,0.0,7.0,0.0,5.0,21.0,20.0,0.0,0.0,0.0,2.0,0.0,32.0,129.0,28.0,0.0,0.0,1.0,0.0,0.0,0.0,0.0,1.0,0.0,0.0,0.0,9.0,16.0,1.0,0.0,0.0,0.0,22.0,0.0,185.0,32.0,1.0,5.0,10.0,0.0,7.0,4.0,0.0,2.0,0.0,0.0,0.0,0.0,0.0,0.0,843.0,75.0,61.0,0.0,6.0,258.0,400.0,1242.0
Refractory and ceramic goods,5.0,0.0,0.0,0.0,0.0,2.0,0.0,0.0,0.0,36.0,3.0,1.0,0.0,2.0,7.0,4.0,2.0,24.0,0.0,0.0,0.0,0.0,1.0,1.0,0.0,0.0,0.0,0.0,6.0,7.0,0.0,2.0,2.0,0.0,0.0,0.0,0.0,4.0,0.0,1.0,3.0,0.0,0.0,6.0,6.0,2.0,0.0,6.0,0.0,11.0,8.0,3.0,0.0,9.0,0.0,0.0,0.0,0.0,0.0,0.0,0.0,0.0,0.0,0.0,0.0,0.0,0.0,0.0,0.0,0.0,0.0,0.0,0.0,0.0,0.0,0.0,0.0,0.0,0.0,0.0,1.0,0.0,0.0,0.0,0.0,0.0,0.0,278.0,29.0,2.0,0.0,8.0,0.0,0.0,0.0,0.0,2.0,0.0,0.0,0.0,0.0,0.0,0.0,484.0,156.0,16.0,0.0,13.0,329.0,514.0,998.0
Inorganic chemicals,0.0,0.0,0.0,0.0,73.0,7.0,2.0,0.0,11.0,30.0,9.0,21.0,0.0,1.0,0.0,12.0,41.0,4.0,81.0,167.0,60.0,56.0,78.0,85.0,26.0,89.0,12.0,13.0,7.0,0.0,3.0,4.0,1.0,0.0,0.0,0.0,2.0,2.0,0.0,1.0,2.0,2.0,0.0,0.0,2.0,6.0,1.0,5.0,0.0,1.0,4.0,13.0,0.0,6.0,0.0,2.0,8.0,2.0,0.0,0.0,1.0,0.0,2.0,0.0,3.0,6.0,6.0,2.0,0.0,0.0,1.0,1.0,7.0,0.0,2.0,4.0,1.0,0.0,1.0,0.0,0.0,25.0,9.0,2.0,19.0,25.0,2.0,0.0,0.0,0.0,0.0,0.0,0.0,0.0,0.0,0.0,0.0,0.0,0.0,0.0,0.0,0.0,0.0,1068.0,0.0,13.0,0.0,-11.0,468.0,470.0,1538.0
Organic chemicals,0.0,0.0,17.0,3.0,26.0,1.0,1.0,0.0,1.0,3.0,8.0,2.0,0.0,0.0,1.0,11.0,2.0,2.0,25.0,313.0,36.0,181.0,139.0,287.0,101.0,65.0,33.0,122.0,3.0,0.0,2.0,3.0,0.0,0.0,0.0,0.0,2.0,0.0,0.0,1.0,1.0,1.0,0.0,0.0,1.0,5.0,0.0,1.0,0.0,1.0,0.0,5.0,0.0,5.0,0.0,1.0,2.0,1.0,0.0,1.0,1.0,0.0,1.0,0.0,7.0,4.0,3.0,4.0,0.0,0.0,6.0,3.0,5.0,0.0,1.0,4.0,0.0,0.0,1.0,2.0,0.0,18.0,10.0,1.0,39.0,46.0,3.0,1.0,0.0,0.0,0.0,0.0,0.0,0.0,0.0,0.0,0.0,0.0,0.0,0.0,0.0,0.0,0.0,1573.0,0.0,15.0,0.0,20.0,2399.0,2434.0,4007.0
Fertilisers,602.0,0.0,0.0,0.0,0.0,0.0,0.0,0.0,0.0,0.0,0.0,0.0,0.0,0.0,0.0,0.0,0.0,0.0,0.0,0.0,112.0,0.0,0.0,0.0,0.0,0.0,0.0,0.0,0.0,0.0,0.0,0.0,0.0,0.0,0.0,0.0,0.0,0.0,0.0,0.0,0.0,0.0,0.0,0.0,0.0,0.0,0.0,0.0,0.0,0.0,0.0,0.0,0.0,0.0,0.0,0.0,0.0,0.0,1.0,0.0,0.0,0.0,0.0,0.0,0.0,0.0,0.0,0.0,0.0,0.0,0.0,0.0,0.0,0.0,0.0,0.0,0.0,0.0,0.0,0.0,0.0,0.0,0.0,0.0,0.0,0.0,0.0,0.0,0.0,0.0,0.0,0.0,0.0,0.0,0.0,0.0,0.0,0.0,0.0,0.0,0.0,0.0,0.0,716.0,8.0,18.0,0.0,4.0,58.0,88.0,804.0
Synthetic resins etc,0.0,0.0,1.0,0.0,0.0,1.0,3.0,0.0,0.0,3.0,0.0,1.0,0.0,0.0,0.0,9.0,4.0,0.0,0.0,36.0,0.0,2.0,46.0,25.0,1.0,2.0,7.0,0.0,6.0,1.0,5.0,5.0,1.0,0.0,0.0,0.0,1.0,1.0,0.0,1.0,3.0,1.0,1.0,33.0,11.0,6.0,5.0,13.0,5.0,8.0,2.0,12.0,4.0,9.0,0.0,5.0,0.0,0.0,0.0,0.0,0.0,0.0,0.0,0.0,0.0,0.0,0.0,0.0,0.0,0.0,0.0,0.0,3.0,12.0,15.0,1.0,4.0,1.0,2.0,13.0,3.0,10.0,27.0,2.0,72.0,425.0,12.0,126.0,0.0,0.0,0.0,0.0,0.0,0.0,0.0,0.0,0.0,0.0,0.0,0.0,0.0,0.0,0.0,1007.0,0.0,0.0,0.0,-1.0,900.0,899.0,1907.0
"Paints, dyes etc",13.0,0.0,1.0,3.0,1.0,1.0,4.0,0.0,0.0,21.0,4.0,0.0,0.0,0.0,0.0,15.0,0.0,16.0,0.0,0.0,0.0,16.0,144.0,5.0,1.0,7.0,27.0,4.0,12.0,5.0,29.0,20.0,12.0,3.0,1.0,0.0,3.0,2.0,6.0,0.0,10.0,3.0,2.0,3.0,4.0,1.0,0.0,1.0,0.0,6.0,3.0,42.0,7.0,8.0,3.0,1.0,0.0,0.0,0.0,0.0,0.0,0.0,0.0,1.0,0.0,0.0,1.0,0.0,0.0,8.0,8.0,10.0,19.0,6.0,1.0,9.0,0.0,4.0,2.0,24.0,30.0,11.0,46.0,80.0,1.0,37.0,9.0,161.0,30.0,0.0,4.0,4.0,0.0,0.0,0.0,0.0,3.0,7.0,1.0,13.0,6.0,0.0,0.0,999.0,139.0,40.0,0.0,3.0,735.0,917.0,1917.0
Special chemicals,412.0,0.0,7.0,6.0,29.0,6.0,8.0,14.0,2.0,37.0,0.0,4.0,2.0,5.0,1.0,17.0,6.0,1.0,4.0,18.0,12.0,47.0,23.0,85.0,34.0,68.0,13.0,0.0,10.0,0.0,1.0,5.0,8.0,0.0,0.0,1.0,3.0,2.0,2.0,1.0,15.0,30.0,2.0,0.0,3.0,6.0,2.0,13.0,0.0,2.0,1.0,13.0,4.0,14.0,0.0,4.0,2.0,2.0,6.0,6.0,0.0,8.0,1.0,13.0,1.0,23.0,13.0,18.0,3.0,0.0,1.0,0.0,2.0,1.0,0.0,3.0,3.0,1.0,0.0,8.0,9.0,9.0,30.0,10.0,14.0,11.0,6.0,47.0,194.0,0.0,6.0,10.0,0.0,4.0,17.0,2.0,3.0,40.0,16.0,32.0,32.0,0.0,0.0,1606.0,63.0,40.0,0.0,34.0,1469.0,1607.0,3213.0
Pharmaceuticals,9.0,0.0,0.0,0.0,0.0,0.0,0.0,0.0,0.0,0.0,0.0,0.0,0.0,0.0,0.0,0.0,0.0,0.0,0.0,0.0,0.0,0.0,0.0,1.0,211.0,4.0,0.0,0.0,0.0,0.0,0.0,0.0,0.0,0.0,0.0,0.0,0.0,0.0,0.0,0.0,0.0,0.0,0.0,0.0,0.0,0.0,0.0,0.0,0.0,0.0,0.0,0.0,0.0,0.0,0.0,0.0,0.0,0.0,1.0,0.0,9.0,2.0,0.0,1.0,48.0,0.0,0.0,1.0,0.0,0.0,0.0,0.0,0.0,0.0,0.0,0.0,0.0,0.0,0.0,0.0,0.0,0.0,0.0,0.0,0.0,0.0,0.0,0.0,0.0,0.0,0.0,0.0,0.0,0.0,0.0,1.0,0.0,0.0,0.0,0.0,16.0,0.0,0.0,304.0,82.0,1653.0,0.0,-7.0,970.0,2698.0,3002.0
Soap and toiletries,14.0,0.0,1.0,0.0,0.0,1.0,5.0,1.0,0.0,0.0,0.0,0.0,0.0,0.0,0.0,0.0,0.0,0.0,0.0,0.0,0.0,0.0,0.0,2.0,1.0,57.0,5.0,0.0,0.0,0.0,0.0,0.0,0.0,0.0,0.0,0.0,3.0,0.0,0.0,0.0,1.0,2.0,1.0,0.0,0.0,0.0,0.0,0.0,0.0,0.0,0.0,0.0,0.0,7.0,0.0,1.0,0.0,1.0,7.0,0.0,0.0,1.0,0.0,1.0,0.0,0.0,7.0,0.0,0.0,3.0,0.0,0.0,2.0,0.0,0.0,1.0,0.0,0.0,0.0,0.0,0.0,0.0,1.0,0.0,0.0,0.0,1.0,11.0,29.0,30.0,5.0,12.0,3.0,4.0,0.0,2.0,1.0,32.0,9.0,57.0,64.0,0.0,0.0,388.0,595.0,91.0,0.0,9.0,733.0,1428.0,1816.0
Chemical products nes,0.0,0.0,0.0,0.0,0.0,0.0,0.0,0.0,0.0,0.0,0.0,0.0,0.0,0.0,0.0,0.0,0.0,0.0,0.0,0.0,0.0,0.0,0.0,0.0,0.0,0.0,18.0,0.0,0.0,0.0,0.0,0.0,0.0,0.0,0.0,0.0,0.0,0.0,0.0,0.0,0.0,0.0,0.0,0.0,0.0,0.0,0.0,2.0,2.0,0.0,0.0,0.0,0.0,2.0,0.0,0.0,0.0,0.0,0.0,0.0,0.0,0.0,0.0,0.0,0.0,0.0,0.0,0.0,0.0,0.0,0.0,0.0,0.0,0.0,0.0,0.0,0.0,0.0,0.0,0.0,0.0,0.0,0.0,8.0,0.0,1.0,2.0,14.0,39.0,0.0,0.0,5.0,0.0,0.0,0.0,0.0,0.0,0.0,0.0,0.0,30.0,0.0,0.0,124.0,5.0,54.0,1.0,-67.0,655.0,648.0,771.0
Man-made fibres,0.0,0.0,0.0,0.0,0.0,0.0,0.0,0.0,0.0,0.0,0.0,0.0,0.0,0.0,0.0,2.0,0.0,0.0,0.0,0.0,0.0,0.0,0.0,0.0,3.0,0.0,0.0,15.0,0.0,0.0,0.0,0.0,0.0,0.0,0.0,0.0,0.0,0.0,0.0,0.0,0.0,0.0,0.0,0.0,0.0,0.0,0.0,0.0,0.0,0.0,0.0,0.0,0.0,7.0,0.0,1.0,0.0,0.0,0.0,0.0,0.0,0.0,0.0,0.0,0.0,0.0,0.0,0.0,0.0,14.0,50.0,39.0,3.0,10.0,9.0,0.0,1.0,4.0,15.0,2.0,0.0,0.0,7.0,1.0,8.0,3.0,0.0,0.0,0.0,0.0,0.0,0.0,0.0,0.0,0.0,0.0,0.0,0.0,0.0,0.0,0.0,0.0,0.0,191.0,0.0,1.0,0.0,15.0,392.0,408.0,599.0
Metal castings etc,14.0,0.0,8.0,29.0,0.0,26.0,10.0,14.0,0.0,59.0,0.0,1.0,0.0,0.0,0.0,8.0,2.0,2.0,2.0,15.0,3.0,5.0,2.0,2.0,6.0,0.0,3.0,0.0,138.0,19.0,4.0,167.0,66.0,128.0,17.0,12.0,36.0,26.0,117.0,68.0,395.0,24.0,25.0,5.0,122.0,33.0,70.0,56.0,12.0,43.0,27.0,681.0,31.0,169.0,25.0,41.0,0.0,0.0,0.0,0.0,0.0,0.0,0.0,0.0,0.0,0.0,1.0,0.0,0.0,0.0,0.0,0.0,0.0,0.0,0.0,1.0,0.0,0.0,0.0,13.0,30.0,0.0,1.0,0.0,0.0,4.0,9.0,365.0,42.0,0.0,3.0,0.0,0.0,0.0,0.0,0.0,0.0,0.0,0.0,0.0,0.0,0.0,0.0,3235.0,12.0,7.0,0.0,-1.0,256.0,274.0,3509.0
"Metal doors, windows etc",0.0,0.0,0.0,0.0,0.0,0.0,1.0,1.0,0.0,0.0,0.0,0.0,0.0,0.0,0.0,0.0,0.0,0.0,0.0,0.0,0.0,0.0,0.0,0.0,0.0,0.0,0.0,0.0,0.0,36.0,0.0,0.0,6.0,0.0,0.0,0.0,0.0,0.0,1.0,0.0,0.0,0.0,0.0,0.0,0.0,0.0,0.0,1.0,0.0,0.0,0.0,3.0,0.0,0.0,0.0,0.0,0.0,0.0,0.0,0.0,0.0,0.0,0.0,0.0,0.0,0.0,0.0,0.0,0.0,0.0,0.0,0.0,0.0,0.0,0.0,0.0,0.0,0.0,0.0,4.0,4.0,0.0,0.0,0.0,0.0,0.0,0.0,488.0,0.0,0.0,0.0,0.0,0.0,0.0,0.0,0.0,0.0,2.0,1.0,0.0,0.0,0.0,0.0,547.0,55.0,24.0,0.0,-2.0,25.0,103.0,649.0
Metal packaging products,0.0,0.0,0.0,0.0,27.0,17.0,0.0,0.0,0.0,5.0,0.0,3.0,0.0,0.0,0.0,6.0,0.0,0.0,7.0,34.0,1.0,15.0,96.0,35.0,59.0,59.0,7.0,0.0,2.0,0.0,7.0,3.0,0.0,0.0,0.0,0.0,0.0,0.0,0.0,0.0,0.0,1.0,2.0,0.0,0.0,0.0,7.0,0.0,0.0,0.0,0.0,0.0,1.0,3.0,0.0,0.0,5.0,27.0,46.0,99.0,0.0,23.0,2.0,23.0,85.0,131.0,230.0,102.0,13.0,0.0,0.0,0.0,0.0,0.0,0.0,0.0,0.0,0.0,0.0,3.0,1.0,5.0,9.0,6.0,0.0,0.0,0.0,28.0,28.0,0.0,0.0,0.0,0.0,0.0,0.0,0.0,0.0,0.0,0.0,0.0,0.0,0.0,0.0,1262.0,0.0,4.0,27.0,11.0,143.0,184.0,1446.0
Metal goods nes,36.0,0.0,2.0,14.0,1.0,13.0,29.0,8.0,1.0,34.0,5.0,5.0,0.0,2.0,0.0,11.0,1.0,9.0,1.0,5.0,2.0,2.0,1.0,5.0,5.0,1.0,2.0,0.0,20.0,36.0,16.0,93.0,6.0,3.0,5.0,3.0,7.0,4.0,9.0,6.0,28.0,13.0,7.0,5.0,2.0,30.0,33.0,18.0,1.0,2.0,2.0,64.0,10.0,18.0,6.0,24.0,0.0,2.0,1.0,2.0,0.0,2.0,0.0,1.0,1.0,2.0,2.0,0.0,0.0,0.0,1.0,2.0,0.0,0.0,4.0,5.0,10.0,21.0,4.0,28.0,22.0,1.0,7.0,2.0,27.0,45.0,34.0,65.0,217.0,0.0,12.0,11.0,0.0,9.0,6.0,6.0,7.0,55.0,25.0,45.0,6.0,0.0,0.0,1353.0,275.0,213.0,648.0,14.0,587.0,1738.0,3090.0
Industrial plant and steelwork,0.0,0.0,18.0,71.0,29.0,34.0,15.0,0.0,0.0,55.0,0.0,5.0,1.0,4.0,6.0,16.0,3.0,3.0,7.0,33.0,12.0,11.0,8.0,11.0,15.0,4.0,1.0,2.0,24.0,0.0,0.0,1.0,335.0,3.0,12.0,25.0,16.0,36.0,93.0,9.0,82.0,10.0,4.0,3.0,34.0,6.0,11.0,7.0,1.0,2.0,3.0,33.0,9.0,25.0,2.0,0.0,1.0,11.0,5.0,10.0,3.0,13.0,3.0,8.0,7.0,11.0,21.0,2.0,0.0,2.0,3.0,5.0,1.0,1.0,1.0,0.0,2.0,0.0,0.0,4.0,3.0,5.0,9.0,10.0,7.0,28.0,3.0,232.0,0.0,0.0,0.0,0.0,0.0,0.0,0.0,0.0,0.0,0.0,0.0,0.0,0.0,0.0,0.0,1558.0,18.0,5.0,902.0,84.0,530.0,1539.0,3098.0
Agricultural machinery etc,24.0,7.0,0.0,0.0,0.0,0.0,0.0,0.0,0.0,0.0,0.0,0.0,0.0,0.0,0.0,0.0,0.0,0.0,0.0,0.0,0.0,0.0,0.0,0.0,0.0,0.0,0.0,0.0,0.0,0.0,0.0,0.0,2.0,109.0,0.0,0.0,0.0,0.0,37.0,0.0,3.0,0.0,0.0,0.0,0.0,0.0,0.0,0.0,0.0,0.0,0.0,0.0,0.0,0.0,0.0,0.0,0.0,0.0,0.0,0.0,0.0,0.0,0.0,0.0,0.0,0.0,0.0,0.0,0.0,0.0,0.0,0.0,0.0,0.0,0.0,0.0,0.0,0.0,0.0,0.0,0.0,0.0,0.0,0.0,0.0,0.0,0.0,58.0,173.0,0.0,0.0,0.0,0.0,0.0,0.0,0.0,0.0,0.0,0.0,28.0,0.0,0.0,0.0,440.0,0.0,2.0,8.0,0.0,763.0,773.0,1213.0
Machine tools,0.0,0.0,0.0,0.0,0.0,0.0,0.0,0.0,0.0,7.0,2.0,4.0,0.0,0.0,0.0,0.0,0.0,0.0,0.0,0.0,0.0,0.0,0.0,0.0,0.0,0.0,0.0,0.0,18.0,1.0,7.0,8.0,15.0,1.0,22.0,2.0,4.0,11.0,8.0,2.0,30.0,4.0,1.0,3.0,2.0,2.0,3.0,5.0,1.0,1.0,1.0,16.0,10.0,6.0,1.0,2.0,0.0,0.0,0.0,0.0,0.0,0.0,0.0,0.0,0.0,0.0,0.0,0.0,0.0,0.0,0.0,0.0,0.0,0.0,0.0,0.0,0.0,0.0,0.0,0.0,0.0,0.0,0.0,0.0,0.0,0.0,0.0,0.0,13.0,0.0,0.0,0.0,0.0,0.0,0.0,0.0,0.0,0.0,0.0,6.0,0.0,0.0,0.0,218.0,0.0,5.0,226.0,-4.0,238.0,464.0,682.0
Engineers small tools,9.0,0.0,1.0,6.0,1.0,5.0,5.0,2.0,1.0,0.0,1.0,2.0,0.0,1.0,0.0,2.0,1.0,2.0,1.0,1.0,1.0,1.0,1.0,2.0,1.0,1.0,1.0,0.0,1.0,1.0,2.0,8.0,6.0,2.0,2.0,1.0,1.0,0.0,9.0,0.0,4.0,0.0,0.0,1.0,0.0,0.0,1.0,1.0,0.0,0.0,0.0,3.0,2.0,4.0,1.0,3.0,0.0,0.0,0.0,0.0,0.0,0.0,0.0,0.0,0.0,0.0,0.0,0.0,0.0,0.0,0.0,0.0,0.0,1.0,0.0,1.0,0.0,1.0,0.0,1.0,1.0,1.0,1.0,1.0,1.0,1.0,2.0,1.0,0.0,0.0,0.0,1.0,0.0,0.0,0.0,0.0,0.0,0.0,0.0,0.0,0.0,0.0,0.0,108.0,0.0,2.0,318.0,-8.0,208.0,520.0,628.0
Textile etc machinery,0.0,0.0,0.0,0.0,0.0,0.0,0.0,0.0,0.0,0.0,0.0,0.0,0.0,1.0,1.0,4.0,1.0,1.0,0.0,0.0,0.0,0.0,0.0,0.0,0.0,2.0,0.0,5.0,0.0,0.0,0.0,1.0,0.0,0.0,0.0,0.0,20.0,0.0,0.0,0.0,2.0,0.0,0.0,0.0,3.0,0.0,0.0,0.0,0.0,0.0,0.0,0.0,0.0,0.0,0.0,0.0,0.0,0.0,0.0,0.0,0.0,0.0,0.0,0.0,0.0,0.0,0.0,0.0,0.0,6.0,6.0,8.0,5.0,4.0,3.0,2.0,2.0,4.0,1.0,6.0,3.0,23.0,21.0,20.0,5.0,21.0,3.0,105.0,5.0,0.0,0.0,0.0,0.0,0.0,0.0,0.0,0.0,0.0,0.0,8.0,0.0,0.0,0.0,303.0,0.0,13.0,240.0,-10.0,703.0,946.0,1249.0
Processing machinery etc,0.0,0.0,1.0,0.0,10.0,9.0,10.0,10.0,0.0,26.0,8.0,6.0,1.0,3.0,5.0,13.0,3.0,3.0,4.0,18.0,6.0,6.0,4.0,5.0,8.0,2.0,1.0,0.0,4.0,0.0,3.0,8.0,2.0,2.0,14.0,2.0,19.0,102.0,4.0,2.0,6.0,18.0,0.0,6.0,1.0,2.0,5.0,6.0,0.0,1.0,1.0,17.0,2.0,6.0,3.0,3.0,3.0,21.0,9.0,15.0,6.0,25.0,7.0,16.0,12.0,18.0,33.0,4.0,14.0,2.0,6.0,18.0,4.0,4.0,0.0,0.0,2.0,6.0,1.0,2.0,0.0,14.0,23.0,27.0,2.0,21.0,5.0,17.0,0.0,0.0,0.0,0.0,0.0,0.0,0.0,0.0,0.0,0.0,0.0,0.0,0.0,0.0,0.0,736.0,0.0,4.0,444.0,16.0,445.0,909.0,1645.0
Mining etc equipment,0.0,0.0,310.0,0.0,1.0,7.0,3.0,0.0,13.0,15.0,3.0,3.0,6.0,15.0,22.0,61.0,12.0,11.0,2.0,7.0,3.0,2.0,2.0,2.0,3.0,1.0,0.0,2.0,5.0,0.0,3.0,5.0,17.0,1.0,7.0,1.0,7.0,15.0,183.0,5.0,40.0,8.0,0.0,3.0,4.0,2.0,3.0,3.0,0.0,1.0,1.0,17.0,15.0,5.0,2.0,0.0,1.0,4.0,2.0,3.0,1.0,5.0,1.0,3.0,2.0,3.0,5.0,1.0,2.0,1.0,1.0,2.0,1.0,1.0,0.0,0.0,1.0,2.0,0.0,6.0,2.0,6.0,7.0,7.0,2.0,7.0,2.0,43.0,38.0,0.0,0.0,0.0,0.0,0.0,0.0,0.0,0.0,0.0,0.0,39.0,0.0,0.0,0.0,1050.0,0.0,45.0,510.0,1.0,1241.0,1798.0,2848.0
Mech power transmission equip,0.0,0.0,1.0,107.0,0.0,0.0,0.0,0.0,0.0,7.0,4.0,1.0,0.0,1.0,1.0,5.0,3.0,1.0,0.0,3.0,0.0,0.0,0.0,0.0,0.0,0.0,0.0,0.0,1.0,0.0,1.0,3.0,4.0,29.0,10.0,1.0,14.0,12.0,63.0,36.0,44.0,7.0,1.0,0.0,6.0,0.0,0.0,0.0,0.0,2.0,0.0,130.0,8.0,17.0,4.0,0.0,0.0,0.0,0.0,0.0,0.0,0.0,0.0,0.0,0.0,0.0,0.0,0.0,0.0,0.0,0.0,0.0,0.0,0.0,0.0,0.0,0.0,0.0,0.0,0.0,0.0,0.0,0.0,0.0,0.0,0.0,0.0,29.0,0.0,0.0,0.0,0.0,0.0,0.0,3.0,0.0,0.0,0.0,0.0,0.0,0.0,0.0,0.0,560.0,0.0,30.0,292.0,-14.0,222.0,530.0,1089.0
Other machinery etc,0.0,13.0,35.0,517.0,9.0,19.0,24.0,9.0,2.0,57.0,12.0,10.0,1.0,2.0,3.0,8.0,2.0,2.0,3.0,11.0,4.0,3.0,2.0,6.0,5.0,1.0,0.0,1.0,21.0,1.0,7.0,15.0,49.0,57.0,46.0,6.0,54.0,33.0,159.0,12.0,526.0,55.0,1.0,4.0,89.0,12.0,78.0,4.0,0.0,10.0,1.0,42.0,112.0,106.0,43.0,7.0,1.0,6.0,2.0,4.0,2.0,7.0,2.0,4.0,3.0,5.0,4.0,0.0,2.0,1.0,1.0,2.0,1.0,0.0,0.0,0.0,3.0,8.0,2.0,4.0,7.0,3.0,4.0,3.0,2.0,8.0,2.0,262.0,262.0,0.0,0.0,0.0,1.0,0.0,0.0,1.0,6.0,0.0,0.0,8.0,0.0,0.0,0.0,2935.0,75.0,319.0,482.0,30.0,2055.0,2960.0,5895.0
Ordnance etc,0.0,0.0,0.0,0.0,0.0,0.0,0.0,0.0,0.0,0.0,0.0,0.0,0.0,0.0,0.0,0.0,0.0,0.0,0.0,0.0,0.0,0.0,0.0,0.0,0.0,0.0,0.0,0.0,0.0,0.0,0.0,0.0,0.0,0.0,0.0,0.0,0.0,0.0,0.0,0.0,0.0,65.0,0.0,0.0,0.0,0.0,0.0,0.0,0.0,0.0,0.0,0.0,0.0,0.0,0.0,0.0,0.0,0.0,0.0,0.0,0.0,0.0,0.0,0.0,0.0,0.0,0.0,0.0,0.0,0.0,0.0,0.0,0.0,0.0,0.0,0.0,0.0,0.0,0.0,0.0,0.0,0.0,0.0,0.0,0.0,0.0,0.0,3.0,0.0,0.0,0.0,0.0,0.0,0.0,0.0,0.0,0.0,0.0,0.0,6.0,0.0,0.0,0.0,74.0,57.0,557.0,0.0,-11.0,343.0,946.0,1020.0
"Office machinery, computers etc",0.0,0.0,6.0,0.0,1.0,4.0,2.0,4.0,0.0,6.0,0.0,0.0,0.0,0.0,1.0,2.0,0.0,0.0,1.0,5.0,2.0,2.0,1.0,2.0,2.0,1.0,0.0,0.0,1.0,0.0,0.0,1.0,1.0,0.0,0.0,0.0,0.0,0.0,1.0,0.0,2.0,2.0,205.0,5.0,3.0,2.0,42.0,45.0,1.0,1.0,1.0,5.0,3.0,37.0,1.0,1.0,0.0,2.0,1.0,2.0,1.0,3.0,1.0,2.0,1.0,2.0,4.0,0.0,2.0,0.0,0.0,0.0,0.0,0.0,0.0,0.0,1.0,2.0,1.0,1.0,1.0,3.0,3.0,3.0,0.0,2.0,0.0,8.0,11.0,0.0,5.0,4.0,0.0,2.0,1.0,0.0,17.0,5.0,4.0,23.0,1.0,0.0,0.0,519.0,1.0,5.0,24.0,-294.0,2294.0,2030.0,2549.0
Insulated wires and cables,4.0,0.0,18.0,0.0,0.0,50.0,1.0,0.0,0.0,0.0,0.0,0.0,0.0,0.0,0.0,0.0,0.0,0.0,0.0,0.0,0.0,0.0,0.0,0.0,0.0,0.0,0.0,0.0,0.0,0.0,0.0,0.0,2.0,2.0,3.0,0.0,3.0,2.0,7.0,0.0,15.0,2.0,15.0,13.0,28.0,10.0,39.0,9.0,4.0,10.0,4.0,46.0,13.0,13.0,2.0,3.0,0.0,0.0,0.0,0.0,0.0,0.0,0.0,0.0,0.0,0.0,0.0,0.0,0.0,0.0,0.0,0.0,0.0,0.0,0.0,0.0,0.0,0.0,0.0,0.0,0.0,0.0,0.0,0.0,0.0,0.0,0.0,154.0,4.0,0.0,8.0,0.0,0.0,0.0,0.0,19.0,306.0,0.0,0.0,0.0,0.0,0.0,0.0,806.0,5.0,11.0,143.0,-4.0,219.0,374.0,1181.0
Basic electrical equipment,0.0,0.0,9.0,0.0,0.0,44.0,15.0,1.0,0.0,7.0,0.0,0.0,0.0,1.0,1.0,2.0,1.0,1.0,0.0,1.0,0.0,0.0,0.0,0.0,1.0,0.0,0.0,0.0,1.0,0.0,0.0,3.0,15.0,2.0,18.0,1.0,12.0,14.0,24.0,3.0,64.0,11.0,24.0,4.0,65.0,11.0,42.0,21.0,2.0,1.0,9.0,2.0,16.0,28.0,8.0,21.0,0.0,0.0,0.0,0.0,0.0,0.0,0.0,0.0,0.0,0.0,0.0,0.0,0.0,0.0,0.0,0.0,0.0,0.0,0.0,0.0,0.0,1.0,0.0,1.0,1.0,0.0,0.0,0.0,0.0,0.0,3.0,10.0,27.0,0.0,4.0,0.0,0.0,1.0,0.0,0.0,1.0,0.0,0.0,0.0,0.0,0.0,0.0,555.0,82.0,106.0,604.0,-8.0,1153.0,1937.0,2492.0
Industrial electrical equipment,1.0,1.0,0.0,0.0,0.0,2.0,2.0,1.0,0.0,9.0,0.0,0.0,0.0,0.0,0.0,1.0,0.0,0.0,0.0,1.0,0.0,0.0,0.0,0.0,0.0,0.0,0.0,0.0,2.0,0.0,0.0,1.0,2.0,6.0,0.0,0.0,0.0,0.0,4.0,0.0,2.0,1.0,0.0,1.0,1.0,7.0,3.0,2.0,0.0,1.0,2.0,77.0,1.0,2.0,1.0,1.0,0.0,1.0,0.0,0.0,0.0,1.0,0.0,0.0,0.0,0.0,1.0,0.0,0.0,0.0,0.0,0.0,0.0,0.0,0.0,0.0,0.0,0.0,0.0,0.0,0.0,0.0,0.0,1.0,0.0,1.0,0.0,1.0,8.0,0.0,3.0,3.0,0.0,1.0,0.0,4.0,3.0,3.0,1.0,0.0,0.0,0.0,0.0,177.0,131.0,116.0,744.0,30.0,292.0,1313.0,1489.0
Telecommunication etc equipment,0.0,3.0,7.0,0.0,3.0,20.0,127.0,1.0,0.0,16.0,2.0,2.0,0.0,1.0,1.0,3.0,1.0,1.0,1.0,4.0,2.0,2.0,1.0,1.0,2.0,1.0,0.0,0.0,2.0,1.0,0.0,2.0,15.0,1.0,0.0,1.0,12.0,5.0,9.0,1.0,43.0,6.0,21.0,4.0,35.0,5.0,514.0,13.0,1.0,10.0,1.0,3.0,32.0,120.0,1.0,22.0,0.0,2.0,1.0,1.0,1.0,2.0,1.0,1.0,1.0,1.0,2.0,0.0,0.0,1.0,1.0,2.0,1.0,1.0,0.0,0.0,1.0,1.0,0.0,0.0,0.0,3.0,3.0,4.0,0.0,2.0,0.0,8.0,12.0,1.0,6.0,0.0,0.0,4.0,6.0,2.0,284.0,28.0,8.0,21.0,16.0,0.0,0.0,1512.0,4.0,931.0,1058.0,47.0,1990.0,4030.0,5542.0
Electronic components,0.0,0.0,15.0,0.0,0.0,13.0,0.0,3.0,0.0,0.0,0.0,0.0,0.0,0.0,0.0,0.0,0.0,0.0,0.0,0.0,0.0,0.0,0.0,0.0,0.0,0.0,0.0,0.0,0.0,0.0,1.0,7.0,0.0,0.0,14.0,1.0,8.0,12.0,18.0,2.0,20.0,21.0,203.0,13.0,18.0,41.0,242.0,62.0,44.0,1.0,13.0,5.0,10.0,55.0,7.0,0.0,0.0,0.0,0.0,0.0,0.0,0.0,0.0,0.0,0.0,0.0,0.0,0.0,0.0,0.0,0.0,0.0,0.0,0.0,0.0,0.0,0.0,0.0,0.0,0.0,4.0,0.0,0.0,0.0,0.0,0.0,5.0,0.0,1.0,0.0,3.0,0.0,0.0,0.0,0.0,0.0,2.0,0.0,0.0,13.0,0.0,0.0,0.0,876.0,0.0,37.0,0.0,199.0,1259.0,1494.0,2370.0
Electronic consumers goods etc,0.0,0.0,0.0,0.0,0.0,0.0,0.0,0.0,0.0,0.0,0.0,0.0,0.0,0.0,0.0,0.0,0.0,0.0,0.0,0.0,0.0,0.0,0.0,0.0,0.0,0.0,0.0,0.0,0.0,0.0,0.0,1.0,0.0,0.0,0.0,0.0,0.0,0.0,0.0,0.0,0.0,0.0,0.0,0.0,0.0,9.0,0.0,0.0,338.0,0.0,0.0,91.0,0.0,0.0,0.0,108.0,0.0,0.0,0.0,0.0,0.0,0.0,0.0,0.0,0.0,0.0,0.0,0.0,0.0,0.0,0.0,0.0,0.0,0.0,0.0,0.0,0.0,0.0,0.0,0.0,0.0,1.0,3.0,6.0,0.0,1.0,0.0,0.0,96.0,0.0,0.0,0.0,0.0,0.0,0.0,0.0,42.0,34.0,25.0,10.0,2.0,0.0,0.0,767.0,70.0,36.0,11.0,-189.0,410.0,338.0,1105.0
Domestic electric appliances,0.0,0.0,0.0,0.0,0.0,0.0,0.0,0.0,0.0,0.0,0.0,0.0,0.0,0.0,0.0,0.0,0.0,0.0,0.0,0.0,0.0,0.0,0.0,0.0,0.0,0.0,0.0,0.0,0.0,0.0,0.0,0.0,0.0,0.0,0.0,0.0,0.0,0.0,0.0,0.0,0.0,0.0,0.0,0.0,0.0,0.0,0.0,0.0,0.0,166.0,0.0,4.0,4.0,0.0,0.0,0.0,0.0,0.0,0.0,0.0,0.0,0.0,0.0,0.0,0.0,0.0,0.0,0.0,0.0,0.0,0.0,0.0,0.0,0.0,0.0,0.0,0.0,0.0,0.0,0.0,16.0,0.0,0.0,0.0,0.0,0.0,0.0,26.0,128.0,0.0,0.0,36.0,1.0,1.0,3.0,3.0,6.0,11.0,10.0,25.0,18.0,0.0,0.0,458.0,203.0,11.0,18.0,13.0,477.0,721.0,1179.0
Electric lighting equipment,2.0,0.0,0.0,0.0,0.0,4.0,0.0,0.0,0.0,0.0,0.0,0.0,0.0,0.0,0.0,0.0,0.0,0.0,0.0,0.0,0.0,0.0,0.0,0.0,0.0,0.0,0.0,0.0,0.0,0.0,0.0,0.0,1.0,0.0,0.0,0.0,0.0,0.0,0.0,0.0,0.0,0.0,0.0,0.0,1.0,60.0,1.0,0.0,0.0,1.0,3.0,113.0,0.0,0.0,1.0,0.0,0.0,0.0,0.0,0.0,0.0,0.0,0.0,0.0,0.0,0.0,0.0,0.0,0.0,0.0,0.0,0.0,0.0,0.0,0.0,0.0,1.0,1.0,0.0,0.0,0.0,0.0,0.0,0.0,0.0,0.0,0.0,10.0,17.0,0.0,4.0,40.0,1.0,1.0,1.0,0.0,1.0,20.0,7.0,12.0,0.0,0.0,0.0,300.0,45.0,40.0,406.0,7.0,134.0,632.0,932.0
Motor Vehicles and parts,16.0,15.0,4.0,0.0,1.0,5.0,7.0,4.0,1.0,4.0,1.0,1.0,2.0,2.0,2.0,17.0,2.0,1.0,0.0,2.0,1.0,1.0,2.0,5.0,1.0,1.0,0.0,0.0,3.0,3.0,1.0,22.0,6.0,9.0,1.0,1.0,1.0,1.0,24.0,1.0,7.0,3.0,1.0,1.0,4.0,1.0,4.0,0.0,0.0,1.0,0.0,408.0,1.0,1.0,8.0,1.0,0.0,6.0,5.0,1.0,2.0,10.0,0.0,2.0,5.0,2.0,7.0,2.0,1.0,1.0,0.0,1.0,0.0,0.0,0.0,0.0,0.0,2.0,0.0,5.0,4.0,1.0,3.0,5.0,1.0,3.0,1.0,23.0,844.0,9.0,2.0,353.0,4.0,4.0,7.0,20.0,21.0,12.0,2.0,95.0,15.0,0.0,0.0,2086.0,294.0,201.0,3928.0,-25.0,3422.0,7819.0,9905.0
Shipbuilding and repairing,0.0,19.0,0.0,236.0,0.0,0.0,0.0,0.0,0.0,0.0,0.0,0.0,0.0,0.0,0.0,0.0,0.0,0.0,0.0,0.0,0.0,0.0,0.0,0.0,0.0,0.0,0.0,0.0,0.0,0.0,0.0,0.0,0.0,0.0,0.0,0.0,0.0,0.0,0.0,0.0,0.0,0.0,0.0,0.0,0.0,0.0,0.0,0.0,0.0,0.0,0.0,0.0,245.0,7.0,0.0,0.0,0.0,0.0,0.0,0.0,0.0,0.0,0.0,0.0,0.0,0.0,0.0,0.0,0.0,0.0,0.0,0.0,0.0,0.0,0.0,0.0,0.0,0.0,0.0,0.0,0.0,0.0,0.0,0.0,1.0,0.0,0.0,0.0,2.0,0.0,0.0,0.0,22.0,0.0,7.0,0.0,0.0,0.0,0.0,0.0,0.0,0.0,0.0,538.0,195.0,633.0,311.0,43.0,383.0,1564.0,2102.0
Aerospace etc,0.0,0.0,0.0,0.0,0.0,0.0,0.0,0.0,0.0,0.0,0.0,0.0,0.0,0.0,0.0,0.0,0.0,0.0,0.0,0.0,0.0,0.0,0.0,0.0,0.0,0.0,0.0,0.0,0.0,0.0,0.0,0.0,0.0,0.0,0.0,0.0,0.0,0.0,0.0,0.0,0.0,0.0,0.0,0.0,0.0,0.0,2.0,0.0,0.0,0.0,0.0,0.0,0.0,271.0,0.0,0.0,0.0,0.0,0.0,0.0,0.0,0.0,0.0,0.0,0.0,0.0,0.0,0.0,0.0,0.0,0.0,0.0,0.0,0.0,0.0,0.0,0.0,0.0,0.0,0.0,0.0,0.0,0.0,0.0,0.0,0.0,0.0,0.0,0.0,0.0,0.0,1.0,0.0,30.0,0.0,0.0,0.0,0.0,0.0,0.0,3.0,0.0,0.0,307.0,12.0,1895.0,100.0,-59.0,3243.0,5191.0,5498.0
Other vehicles,0.0,12.0,0.0,0.0,0.0,0.0,0.0,0.0,0.0,0.0,0.0,0.0,0.0,0.0,0.0,0.0,0.0,0.0,0.0,0.0,0.0,0.0,0.0,0.0,0.0,0.0,0.0,0.0,0.0,0.0,0.0,0.0,0.0,0.0,0.0,0.0,0.0,0.0,0.0,0.0,0.0,0.0,0.0,0.0,0.0,0.0,0.0,0.0,0.0,0.0,0.0,0.0,0.0,0.0,12.0,0.0,0.0,0.0,0.0,0.0,0.0,0.0,0.0,0.0,0.0,0.0,0.0,0.0,0.0,0.0,0.0,0.0,0.0,0.0,0.0,0.0,0.0,0.0,0.0,0.0,0.0,0.0,0.0,0.0,0.0,0.0,0.0,2.0,15.0,0.0,256.0,0.0,0.0,4.0,0.0,0.0,0.0,0.0,0.0,0.0,0.0,0.0,0.0,301.0,195.0,9.0,67.0,11.0,177.0,458.0,759.0
Instrument engineering,0.0,0.0,1.0,0.0,0.0,3.0,1.0,2.0,0.0,4.0,2.0,3.0,0.0,1.0,1.0,2.0,1.0,0.0,3.0,2.0,1.0,1.0,1.0,1.0,5.0,0.0,0.0,1.0,1.0,0.0,0.0,6.0,4.0,1.0,1.0,1.0,2.0,1.0,3.0,2.0,10.0,13.0,2.0,29.0,1.0,2.0,41.0,7.0,1.0,1.0,1.0,1.0,5.0,12.0,1.0,98.0,0.0,0.0,0.0,0.0,0.0,0.0,0.0,0.0,0.0,0.0,1.0,0.0,0.0,1.0,1.0,1.0,0.0,0.0,0.0,0.0,0.0,0.0,0.0,1.0,0.0,4.0,4.0,4.0,2.0,6.0,1.0,3.0,66.0,0.0,0.0,0.0,0.0,0.0,5.0,0.0,0.0,23.0,10.0,47.0,15.0,0.0,0.0,476.0,103.0,215.0,195.0,23.0,1107.0,1644.0,2120.0
Oils and fats,4.0,0.0,0.0,0.0,4.0,0.0,0.0,0.0,0.0,0.0,0.0,0.0,0.0,0.0,0.0,0.0,0.0,0.0,5.0,0.0,0.0,9.0,10.0,29.0,7.0,33.0,0.0,0.0,0.0,0.0,0.0,0.0,0.0,0.0,0.0,0.0,0.0,0.0,0.0,0.0,0.0,0.0,0.0,0.0,0.0,0.0,0.0,0.0,0.0,0.0,0.0,0.0,0.0,0.0,0.0,0.0,304.0,14.0,20.0,12.0,0.0,52.0,0.0,32.0,154.0,25.0,0.0,7.0,0.0,2.0,0.0,0.0,0.0,0.0,0.0,0.0,0.0,0.0,0.0,0.0,0.0,0.0,0.0,0.0,0.0,0.0,0.0,6.0,3.0,10.0,0.0,0.0,2.0,0.0,0.0,0.0,0.0,0.0,0.0,0.0,0.0,0.0,0.0,745.0,372.0,10.0,0.0,11.0,91.0,483.0,1228.0
Slaughtering and meat processing,0.0,0.0,0.0,0.0,0.0,0.0,0.0,0.0,0.0,0.0,0.0,0.0,0.0,0.0,0.0,0.0,0.0,6.0,0.0,0.0,0.0,0.0,0.0,14.0,8.0,0.0,0.0,0.0,0.0,0.0,0.0,0.0,0.0,0.0,0.0,0.0,0.0,0.0,0.0,0.0,0.0,0.0,0.0,0.0,0.0,0.0,0.0,0.0,0.0,0.0,0.0,0.0,0.0,0.0,0.0,0.0,71.0,619.0,0.0,65.0,0.0,28.0,0.0,0.0,112.0,35.0,0.0,0.0,0.0,0.0,0.0,0.0,0.0,0.0,0.0,181.0,0.0,2.0,5.0,0.0,0.0,0.0,1.0,0.0,0.0,0.0,0.0,2.0,64.0,373.0,0.0,0.0,4.0,0.0,0.0,0.0,0.0,0.0,0.0,0.0,0.0,0.0,0.0,1591.0,4182.0,177.0,0.0,10.0,463.0,4832.0,6423.0
Milk and milk products,241.0,0.0,0.0,0.0,0.0,0.0,0.0,0.0,0.0,0.0,0.0,0.0,0.0,0.0,0.0,0.0,0.0,0.0,0.0,0.0,0.0,0.0,0.0,0.0,1.0,0.0,0.0,0.0,0.0,0.0,0.0,0.0,0.0,0.0,0.0,0.0,0.0,0.0,0.0,0.0,0.0,0.0,0.0,0.0,0.0,0.0,0.0,0.0,0.0,0.0,0.0,0.0,0.0,0.0,0.0,0.0,1.0,23.0,179.0,8.0,2.0,39.0,0.0,35.0,17.0,32.0,8.0,3.0,0.0,0.0,0.0,0.0,0.0,0.0,0.0,0.0,0.0,0.0,0.0,0.0,0.0,0.0,0.0,0.0,0.0,0.0,0.0,0.0,30.0,218.0,0.0,0.0,2.0,1.0,1.0,0.0,0.0,2.0,1.0,0.0,0.0,0.0,0.0,843.0,2717.0,96.0,0.0,14.0,260.0,3087.0,3930.0
"Fruit, veg and fish processing",0.0,0.0,0.0,0.0,0.0,0.0,0.0,0.0,0.0,0.0,0.0,0.0,0.0,0.0,0.0,0.0,0.0,0.0,0.0,1.0,0.0,0.0,0.0,2.0,2.0,0.0,0.0,0.0,0.0,0.0,0.0,0.0,0.0,0.0,0.0,0.0,0.0,0.0,0.0,0.0,0.0,0.0,0.0,0.0,0.0,0.0,0.0,0.0,0.0,0.0,0.0,0.0,0.0,0.0,0.0,0.0,0.0,0.0,3.0,8.0,0.0,13.0,0.0,1.0,13.0,6.0,0.0,1.0,0.0,0.0,0.0,0.0,0.0,0.0,0.0,0.0,0.0,0.0,0.0,0.0,0.0,0.0,0.0,0.0,0.0,0.0,0.0,0.0,29.0,315.0,0.0,0.0,5.0,2.0,2.0,0.0,0.0,0.0,0.0,0.0,0.0,0.0,0.0,402.0,990.0,21.0,0.0,4.0,247.0,1262.0,1663.0
Grain milling and starch,0.0,0.0,0.0,0.0,0.0,0.0,0.0,0.0,0.0,0.0,0.0,0.0,0.0,0.0,0.0,0.0,0.0,0.0,0.0,0.0,0.0,0.0,0.0,2.0,8.0,0.0,0.0,0.0,0.0,0.0,0.0,0.0,0.0,0.0,0.0,0.0,0.0,0.0,0.0,0.0,0.0,0.0,0.0,0.0,0.0,0.0,0.0,0.0,0.0,0.0,0.0,0.0,0.0,0.0,0.0,0.0,3.0,72.0,19.0,32.0,39.0,534.0,3.0,46.0,240.0,212.0,10.0,10.0,0.0,0.0,0.0,0.0,1.0,0.0,0.0,0.0,0.0,0.0,0.0,0.0,0.0,30.0,2.0,0.0,0.0,0.0,1.0,0.0,24.0,12.0,0.0,0.0,4.0,0.0,0.0,0.0,0.0,0.0,0.0,0.0,0.0,0.0,0.0,1301.0,75.0,6.0,0.0,12.0,55.0,148.0,1449.0
"Bread, biscuits etc",0.0,14.0,0.0,0.0,0.0,0.0,0.0,0.0,0.0,0.0,0.0,0.0,0.0,0.0,0.0,0.0,0.0,0.0,0.0,0.0,0.0,0.0,0.0,0.0,0.0,0.0,0.0,0.0,0.0,0.0,0.0,0.0,0.0,0.0,0.0,0.0,0.0,0.0,0.0,0.0,0.0,0.0,0.0,0.0,0.0,0.0,0.0,0.0,0.0,0.0,0.0,0.0,0.0,0.0,0.0,0.0,0.0,0.0,0.0,0.0,0.0,1.0,0.0,1.0,0.0,0.0,0.0,0.0,0.0,0.0,0.0,0.0,0.0,0.0,0.0,0.0,0.0,0.0,0.0,0.0,0.0,0.0,0.0,0.0,0.0,0.0,0.0,0.0,384.0,327.0,0.0,0.0,5.0,4.0,2.0,0.0,0.0,16.0,6.0,0.0,0.0,0.0,0.0,759.0,2184.0,89.0,0.0,16.0,109.0,2398.0,3157.0
Sugar,0.0,0.0,0.0,0.0,0.0,0.0,0.0,0.0,0.0,0.0,0.0,0.0,0.0,0.0,0.0,0.0,0.0,0.0,0.0,2.0,0.0,0.0,0.0,1.0,12.0,0.0,0.0,0.0,0.0,0.0,0.0,0.0,0.0,0.0,0.0,0.0,0.0,0.0,0.0,0.0,0.0,0.0,0.0,0.0,0.0,0.0,0.0,0.0,0.0,0.0,0.0,0.0,0.0,0.0,0.0,0.0,1.0,1.0,14.0,29.0,1.0,63.0,189.0,96.0,27.0,39.0,41.0,58.0,0.0,0.0,0.0,0.0,0.0,0.0,0.0,0.0,0.0,0.0,0.0,0.0,0.0,0.0,0.0,0.0,0.0,0.0,0.0,0.0,4.0,27.0,0.0,0.0,3.0,1.0,0.0,0.0,0.0,1.0,1.0,0.0,0.0,0.0,0.0,608.0,235.0,8.0,0.0,-50.0,74.0,267.0,875.0
Confectionery,0.0,0.0,0.0,0.0,0.0,0.0,0.0,0.0,0.0,0.0,0.0,0.0,0.0,0.0,0.0,0.0,0.0,0.0,0.0,0.0,0.0,0.0,0.0,0.0,0.0,0.0,0.0,0.0,0.0,0.0,0.0,0.0,0.0,0.0,0.0,0.0,0.0,0.0,0.0,0.0,0.0,0.0,0.0,0.0,0.0,0.0,0.0,0.0,0.0,0.0,0.0,0.0,0.0,0.0,0.0,0.0,0.0,0.0,4.0,0.0,0.0,25.0,0.0,106.0,0.0,7.0,0.0,0.0,0.0,0.0,0.0,0.0,0.0,0.0,0.0,0.0,0.0,0.0,0.0,0.0,0.0,0.0,0.0,0.0,0.0,0.0,0.0,0.0,19.0,28.0,0.0,0.0,1.0,0.0,0.0,0.0,0.0,0.0,0.0,0.0,0.0,0.0,0.0,188.0,1628.0,54.0,0.0,34.0,253.0,1970.0,2158.0
Animal feeding stuffs,2033.0,17.0,0.0,0.0,0.0,0.0,0.0,0.0,0.0,0.0,0.0,0.0,0.0,0.0,0.0,0.0,0.0,0.0,0.0,0.0,3.0,0.0,0.0,0.0,0.0,0.0,0.0,0.0,0.0,0.0,0.0,0.0,0.0,0.0,0.0,0.0,0.0,0.0,0.0,0.0,0.0,0.0,0.0,0.0,0.0,0.0,0.0,0.0,0.0,0.0,0.0,0.0,0.0,0.0,0.0,0.0,0.0,32.0,0.0,0.0,0.0,0.0,0.0,0.0,70.0,0.0,0.0,0.0,0.0,0.0,0.0,0.0,0.0,0.0,0.0,0.0,0.0,0.0,0.0,0.0,0.0,1.0,0.0,0.0,0.0,0.0,0.0,0.0,2.0,0.0,0.0,0.0,0.0,0.0,0.0,0.0,0.0,0.0,0.0,0.0,0.0,0.0,0.0,2157.0,312.0,1.0,0.0,14.0,83.0,410.0,2567.0
Miscellaneous foods,238.0,7.0,0.0,0.0,0.0,0.0,0.0,0.0,0.0,0.0,0.0,0.0,0.0,0.0,0.0,0.0,0.0,0.0,0.0,0.0,0.0,0.0,0.0,1.0,4.0,0.0,0.0,0.0,0.0,0.0,0.0,0.0,0.0,0.0,0.0,0.0,0.0,0.0,0.0,0.0,0.0,0.0,0.0,0.0,0.0,0.0,0.0,0.0,0.0,0.0,0.0,0.0,0.0,0.0,0.0,0.0,1.0,49.0,9.0,23.0,6.0,45.0,0.0,1.0,18.0,46.0,6.0,0.0,0.0,0.0,0.0,0.0,0.0,0.0,0.0,0.0,0.0,0.0,0.0,0.0,0.0,0.0,0.0,0.0,0.0,0.0,0.0,0.0,28.0,437.0,0.0,0.0,9.0,17.0,6.0,0.0,0.0,27.0,18.0,0.0,0.0,0.0,0.0,995.0,1919.0,32.0,0.0,74.0,200.0,2225.0,3219.0
Alcoholic drink,1.0,1.0,1.0,6.0,6.0,5.0,0.0,0.0,0.0,1.0,0.0,1.0,1.0,2.0,0.0,1.0,1.0,1.0,0.0,2.0,1.0,0.0,0.0,1.0,2.0,0.0,1.0,1.0,0.0,0.0,3.0,0.0,0.0,0.0,1.0,1.0,0.0,0.0,0.0,0.0,1.0,1.0,0.0,1.0,1.0,1.0,0.0,2.0,1.0,1.0,1.0,3.0,0.0,0.0,1.0,0.0,2.0,1.0,0.0,4.0,0.0,3.0,1.0,3.0,42.0,23.0,708.0,6.0,0.0,0.0,0.0,0.0,1.0,1.0,1.0,1.0,1.0,0.0,1.0,1.0,1.0,0.0,0.0,2.0,0.0,0.0,0.0,8.0,34.0,12.0,0.0,1.0,3.0,24.0,1.0,0.0,1.0,4.0,1.0,1.0,1.0,0.0,0.0,949.0,2611.0,1.0,0.0,-28.0,1183.0,3766.0,4715.0
Soft drinks,0.0,0.0,0.0,0.0,0.0,0.0,0.0,0.0,0.0,0.0,0.0,0.0,0.0,0.0,0.0,0.0,0.0,0.0,0.0,0.0,0.0,0.0,0.0,0.0,0.0,0.0,0.0,0.0,0.0,0.0,0.0,0.0,0.0,0.0,0.0,0.0,0.0,8.0,0.0,0.0,0.0,0.0,0.0,0.0,0.0,0.0,0.0,0.0,0.0,0.0,0.0,0.0,0.0,0.0,0.0,0.0,0.0,0.0,47.0,19.0,0.0,0.0,0.0,0.0,0.0,0.0,15.0,68.0,0.0,0.0,0.0,0.0,0.0,0.0,0.0,0.0,0.0,0.0,0.0,0.0,0.0,0.0,0.0,0.0,0.0,0.0,0.0,0.0,13.0,289.0,0.0,0.0,2.0,15.0,1.0,0.0,0.0,8.0,6.0,0.0,0.0,0.0,0.0,491.0,585.0,12.0,0.0,-3.0,52.0,646.0,1137.0
Tobacco,0.0,0.0,0.0,0.0,0.0,0.0,0.0,0.0,0.0,0.0,0.0,0.0,0.0,0.0,0.0,0.0,0.0,0.0,0.0,0.0,0.0,0.0,0.0,0.0,0.0,0.0,0.0,0.0,0.0,0.0,0.0,0.0,0.0,0.0,0.0,0.0,0.0,0.0,0.0,0.0,0.0,0.0,0.0,0.0,0.0,0.0,0.0,0.0,0.0,0.0,0.0,0.0,0.0,0.0,0.0,0.0,0.0,0.0,0.0,0.0,0.0,0.0,0.0,0.0,0.0,0.0,0.0,0.0,0.0,0.0,0.0,0.0,0.0,0.0,0.0,0.0,0.0,0.0,0.0,0.0,0.0,0.0,0.0,0.0,0.0,0.0,1.0,3.0,19.0,4.0,0.0,0.0,15.0,18.0,4.0,0.0,0.0,4.0,1.0,3.0,2.0,0.0,0.0,73.0,863.0,0.0,0.0,46.0,444.0,1353.0,1426.0
Woollen and worsted,0.0,0.0,0.0,0.0,0.0,0.0,0.0,0.0,0.0,0.0,0.0,0.0,0.0,0.0,0.0,0.0,0.0,0.0,0.0,0.0,0.0,0.0,0.0,0.0,0.0,0.0,0.0,0.0,0.0,0.0,0.0,2.0,0.0,0.0,0.0,0.0,1.0,0.0,0.0,0.0,0.0,0.0,0.0,1.0,0.0,0.0,0.0,0.0,0.0,1.0,0.0,10.0,0.0,0.0,2.0,1.0,0.0,0.0,0.0,0.0,0.0,0.0,0.0,0.0,0.0,0.0,0.0,0.0,0.0,291.0,27.0,130.0,7.0,124.0,4.0,1.0,2.0,133.0,0.0,0.0,13.0,2.0,3.0,0.0,0.0,0.0,12.0,0.0,0.0,0.0,0.0,0.0,0.0,0.0,0.0,0.0,0.0,0.0,0.0,0.0,0.0,0.0,0.0,763.0,89.0,19.0,0.0,36.0,472.0,616.0,1379.0
Cotton etc spinning and weaving,0.0,0.0,0.0,0.0,0.0,0.0,0.0,0.0,0.0,0.0,0.0,0.0,0.0,0.0,0.0,2.0,0.0,0.0,0.0,0.0,0.0,0.0,0.0,3.0,9.0,0.0,0.0,0.0,0.0,0.0,1.0,4.0,0.0,0.0,0.0,0.0,1.0,2.0,0.0,0.0,2.0,0.0,0.0,1.0,0.0,0.0,0.0,0.0,0.0,1.0,0.0,4.0,0.0,7.0,0.0,1.0,0.0,0.0,0.0,0.0,0.0,0.0,0.0,0.0,0.0,0.0,0.0,0.0,0.0,6.0,73.0,76.0,3.0,21.0,22.0,2.0,1.0,248.0,78.0,1.0,42.0,1.0,4.0,1.0,25.0,4.0,14.0,4.0,0.0,5.0,0.0,0.0,0.0,0.0,0.0,0.0,0.0,0.0,0.0,0.0,0.0,0.0,0.0,664.0,56.0,9.0,0.0,7.0,398.0,470.0,1135.0
Hosiery and other knitted goods,0.0,0.0,0.0,0.0,0.0,0.0,0.0,0.0,0.0,0.0,0.0,0.0,0.0,0.0,0.0,0.0,0.0,0.0,0.0,0.0,0.0,0.0,0.0,0.0,0.0,0.0,0.0,0.0,0.0,0.0,0.0,1.0,0.0,0.0,0.0,0.0,0.0,0.0,0.0,0.0,0.0,0.0,0.0,0.0,0.0,0.0,0.0,0.0,0.0,0.0,0.0,0.0,0.0,0.0,0.0,0.0,0.0,0.0,0.0,0.0,0.0,0.0,0.0,0.0,0.0,0.0,0.0,0.0,0.0,0.0,0.0,53.0,0.0,0.0,0.0,0.0,3.0,146.0,16.0,0.0,0.0,0.0,3.0,0.0,0.0,0.0,0.0,0.0,20.0,21.0,0.0,0.0,0.0,0.0,0.0,0.0,0.0,0.0,0.0,0.0,3.0,0.0,0.0,264.0,893.0,17.0,0.0,-3.0,358.0,1264.0,1528.0
Textile finishing,0.0,0.0,0.0,0.0,0.0,0.0,0.0,0.0,0.0,0.0,0.0,0.0,0.0,0.0,0.0,1.0,0.0,0.0,0.0,0.0,0.0,0.0,0.0,0.0,5.0,0.0,0.0,0.0,0.0,0.0,0.0,0.0,0.0,0.0,0.0,0.0,0.0,0.0,0.0,0.0,0.0,0.0,0.0,0.0,0.0,0.0,0.0,0.0,0.0,0.0,0.0,0.0,0.0,0.0,0.0,0.0,0.0,0.0,0.0,0.0,0.0,0.0,0.0,0.0,0.0,0.0,0.0,0.0,0.0,2.0,3.0,5.0,5.0,1.0,1.0,0.0,1.0,5.0,4.0,2.0,0.0,0.0,1.0,1.0,0.0,0.0,0.0,0.0,428.0,0.0,0.0,0.0,0.0,0.0,0.0,0.0,0.0,0.0,0.0,0.0,0.0,0.0,0.0,464.0,0.0,0.0,0.0,3.0,0.0,3.0,467.0
Carpets etc,0.0,0.0,0.0,0.0,0.0,0.0,0.0,0.0,0.0,0.0,0.0,0.0,0.0,0.0,0.0,0.0,0.0,0.0,0.0,0.0,0.0,0.0,0.0,0.0,0.0,0.0,0.0,0.0,0.0,0.0,0.0,1.0,0.0,0.0,0.0,0.0,0.0,0.0,0.0,0.0,0.0,0.0,0.0,0.0,0.0,0.0,0.0,0.0,0.0,0.0,0.0,46.0,0.0,0.0,0.0,0.0,0.0,0.0,0.0,0.0,0.0,0.0,0.0,0.0,0.0,0.0,0.0,0.0,0.0,4.0,0.0,0.0,0.0,4.0,0.0,0.0,0.0,0.0,1.0,0.0,0.0,0.0,0.0,0.0,0.0,0.0,3.0,84.0,46.0,7.0,0.0,0.0,0.0,0.0,11.0,0.0,0.0,33.0,15.0,28.0,13.0,0.0,0.0,296.0,308.0,15.0,5.0,13.0,101.0,442.0,738.0
Jute etc,38.0,42.0,0.0,0.0,0.0,0.0,0.0,0.0,0.0,0.0,1.0,0.0,0.0,0.0,0.0,9.0,0.0,0.0,0.0,0.0,0.0,0.0,1.0,0.0,10.0,0.0,0.0,0.0,0.0,0.0,0.0,2.0,0.0,1.0,0.0,0.0,0.0,0.0,0.0,0.0,0.0,0.0,0.0,1.0,0.0,0.0,1.0,0.0,0.0,0.0,0.0,37.0,0.0,6.0,0.0,0.0,0.0,0.0,0.0,0.0,0.0,0.0,0.0,0.0,0.0,0.0,0.0,0.0,0.0,7.0,4.0,4.0,5.0,32.0,45.0,1.0,8.0,48.0,25.0,0.0,16.0,2.0,3.0,1.0,11.0,9.0,9.0,35.0,51.0,0.0,0.0,0.0,0.0,0.0,0.0,0.0,0.0,0.0,0.0,0.0,6.0,0.0,0.0,472.0,48.0,10.0,0.0,3.0,2.0,63.0,535.0
Leather and leather goods,0.0,0.0,0.0,0.0,0.0,0.0,0.0,0.0,0.0,0.0,0.0,0.0,0.0,0.0,0.0,0.0,0.0,0.0,0.0,0.0,0.0,0.0,0.0,0.0,0.0,0.0,0.0,0.0,0.0,0.0,0.0,0.0,0.0,0.0,0.0,0.0,0.0,0.0,0.0,0.0,1.0,0.0,0.0,0.0,0.0,0.0,0.0,0.0,0.0,0.0,0.0,6.0,0.0,0.0,1.0,0.0,0.0,0.0,0.0,0.0,0.0,0.0,0.0,0.0,0.0,0.0,0.0,0.0,0.0,0.0,0.0,1.0,0.0,0.0,0.0,55.0,75.0,11.0,0.0,0.0,2.0,4.0,3.0,0.0,1.0,2.0,1.0,0.0,17.0,29.0,0.0,0.0,0.0,0.0,0.0,0.0,0.0,0.0,0.0,0.0,16.0,0.0,0.0,224.0,83.0,3.0,0.0,0.0,358.0,444.0,668.0
Footwear,6.0,0.0,8.0,0.0,1.0,4.0,1.0,1.0,0.0,1.0,0.0,1.0,0.0,0.0,0.0,4.0,0.0,0.0,0.0,0.0,1.0,0.0,0.0,0.0,1.0,0.0,0.0,0.0,1.0,0.0,0.0,0.0,1.0,0.0,0.0,0.0,0.0,0.0,0.0,0.0,0.0,1.0,0.0,0.0,0.0,0.0,0.0,0.0,0.0,0.0,1.0,1.0,2.0,5.0,0.0,0.0,0.0,0.0,0.0,0.0,0.0,0.0,0.0,0.0,0.0,0.0,0.0,0.0,0.0,0.0,0.0,0.0,0.0,0.0,0.0,0.0,35.0,0.0,0.0,0.0,0.0,0.0,0.0,0.0,0.0,0.0,0.0,3.0,53.0,31.0,1.0,4.0,0.0,0.0,0.0,4.0,6.0,12.0,5.0,11.0,11.0,0.0,0.0,213.0,340.0,53.0,0.0,61.0,218.0,671.0,884.0
Clothing and furs,10.0,10.0,12.0,0.0,1.0,6.0,2.0,1.0,0.0,1.0,1.0,1.0,0.0,0.0,0.0,1.0,1.0,0.0,0.0,0.0,1.0,0.0,0.0,0.0,1.0,0.0,0.0,0.0,1.0,0.0,0.0,0.0,2.0,0.0,0.0,0.0,0.0,0.0,0.0,0.0,0.0,1.0,0.0,0.0,0.0,2.0,0.0,0.0,0.0,0.0,2.0,1.0,3.0,10.0,1.0,0.0,0.0,1.0,0.0,0.0,0.0,0.0,0.0,1.0,0.0,0.0,0.0,0.0,0.0,0.0,0.0,0.0,0.0,0.0,0.0,0.0,0.0,144.0,0.0,2.0,2.0,0.0,1.0,0.0,0.0,1.0,1.0,27.0,180.0,94.0,9.0,26.0,0.0,6.0,2.0,9.0,12.0,74.0,16.0,51.0,79.0,0.0,0.0,807.0,1287.0,121.0,0.0,187.0,1045.0,2639.0,3446.0
Household and other textiles,11.0,0.0,0.0,0.0,0.0,0.0,0.0,0.0,1.0,0.0,0.0,0.0,1.0,0.0,0.0,0.0,8.0,0.0,2.0,0.0,0.0,0.0,1.0,0.0,0.0,0.0,0.0,1.0,0.0,0.0,1.0,0.0,1.0,0.0,0.0,0.0,0.0,0.0,0.0,0.0,1.0,0.0,0.0,0.0,0.0,1.0,0.0,0.0,0.0,0.0,0.0,12.0,12.0,17.0,0.0,4.0,0.0,0.0,0.0,0.0,0.0,0.0,1.0,0.0,3.0,0.0,0.0,0.0,0.0,0.0,0.0,0.0,1.0,1.0,0.0,0.0,0.0,9.0,24.0,1.0,17.0,0.0,0.0,0.0,0.0,1.0,0.0,17.0,38.0,20.0,4.0,0.0,0.0,11.0,0.0,3.0,0.0,0.0,0.0,0.0,11.0,0.0,0.0,235.0,296.0,75.0,0.0,10.0,95.0,475.0,710.0
Timber and wood products,27.0,10.0,17.0,0.0,0.0,2.0,1.0,1.0,1.0,2.0,1.0,0.0,1.0,6.0,0.0,11.0,5.0,5.0,0.0,0.0,1.0,4.0,2.0,3.0,0.0,1.0,0.0,1.0,9.0,16.0,2.0,21.0,12.0,2.0,2.0,1.0,2.0,4.0,4.0,1.0,19.0,1.0,1.0,4.0,5.0,1.0,2.0,5.0,10.0,1.0,0.0,33.0,6.0,0.0,2.0,2.0,0.0,2.0,0.0,0.0,0.0,0.0,1.0,0.0,0.0,1.0,5.0,1.0,0.0,0.0,0.0,0.0,0.0,0.0,0.0,0.0,0.0,0.0,0.0,437.0,187.0,12.0,9.0,1.0,4.0,5.0,13.0,715.0,262.0,6.0,11.0,0.0,2.0,0.0,12.0,3.0,9.0,22.0,9.0,29.0,17.0,0.0,0.0,2040.0,305.0,97.0,0.0,-14.0,144.0,531.0,2571.0
Wooden furniture etc,0.0,0.0,0.0,0.0,0.0,0.0,0.0,0.0,0.0,0.0,0.0,0.0,0.0,0.0,0.0,0.0,0.0,0.0,0.0,0.0,0.0,0.0,0.0,0.0,0.0,0.0,0.0,0.0,0.0,0.0,0.0,1.0,0.0,0.0,0.0,0.0,0.0,0.0,0.0,0.0,0.0,0.0,0.0,0.0,0.0,0.0,6.0,6.0,0.0,0.0,0.0,3.0,1.0,1.0,0.0,4.0,0.0,0.0,0.0,0.0,0.0,0.0,0.0,0.0,0.0,0.0,0.0,0.0,0.0,0.0,0.0,0.0,0.0,0.0,0.0,0.0,2.0,0.0,0.0,0.0,124.0,0.0,0.0,0.0,0.0,2.0,0.0,71.0,48.0,0.0,1.0,5.0,1.0,0.0,1.0,0.0,2.0,25.0,5.0,29.0,9.0,0.0,0.0,345.0,622.0,54.0,1578.0,26.0,111.0,2391.0,2736.0
"Pulp, paper and board",0.0,0.0,0.0,0.0,0.0,0.0,0.0,0.0,0.0,0.0,1.0,0.0,0.0,0.0,0.0,14.0,0.0,0.0,0.0,0.0,0.0,11.0,1.0,4.0,3.0,0.0,11.0,9.0,0.0,0.0,4.0,0.0,0.0,0.0,0.0,0.0,0.0,2.0,0.0,0.0,2.0,0.0,0.0,1.0,1.0,1.0,0.0,2.0,0.0,1.0,0.0,13.0,0.0,5.0,0.0,0.0,0.0,0.0,0.0,0.0,0.0,0.0,0.0,0.0,0.0,0.0,2.0,0.0,22.0,0.0,0.0,0.0,0.0,0.0,0.0,0.0,5.0,1.0,0.0,7.0,6.0,187.0,482.0,435.0,0.0,24.0,23.0,11.0,66.0,0.0,0.0,51.0,0.0,0.0,0.0,1.0,1.0,14.0,10.0,74.0,36.0,0.0,0.0,1547.0,65.0,13.0,0.0,10.0,424.0,512.0,2059.0
Paper and board products,52.0,0.0,3.0,0.0,1.0,16.0,10.0,3.0,3.0,18.0,8.0,7.0,0.0,1.0,12.0,29.0,33.0,22.0,10.0,13.0,3.0,15.0,20.0,40.0,67.0,103.0,36.0,6.0,17.0,5.0,14.0,58.0,6.0,2.0,2.0,5.0,7.0,7.0,7.0,6.0,34.0,2.0,17.0,7.0,16.0,20.0,39.0,19.0,15.0,20.0,17.0,41.0,6.0,53.0,4.0,21.0,18.0,68.0,91.0,64.0,16.0,92.0,18.0,110.0,38.0,158.0,117.0,33.0,111.0,10.0,8.0,20.0,6.0,3.0,7.0,4.0,15.0,26.0,8.0,20.0,36.0,23.0,177.0,68.0,17.0,91.0,52.0,27.0,422.0,8.0,4.0,15.0,0.0,2.0,5.0,0.0,3.0,61.0,25.0,53.0,21.0,0.0,0.0,3165.0,407.0,292.0,0.0,21.0,264.0,984.0,4149.0
Printing and publishing,6.0,0.0,6.0,0.0,10.0,31.0,20.0,8.0,1.0,14.0,4.0,7.0,4.0,3.0,1.0,16.0,9.0,22.0,5.0,15.0,4.0,8.0,17.0,17.0,35.0,28.0,4.0,4.0,17.0,4.0,3.0,23.0,16.0,5.0,5.0,5.0,10.0,13.0,16.0,6.0,44.0,3.0,14.0,5.0,15.0,13.0,38.0,17.0,10.0,9.0,4.0,55.0,8.0,29.0,4.0,14.0,1.0,16.0,11.0,15.0,4.0,14.0,2.0,19.0,15.0,37.0,37.0,5.0,27.0,4.0,3.0,5.0,3.0,6.0,2.0,2.0,3.0,13.0,5.0,14.0,17.0,6.0,62.0,1345.0,11.0,24.0,16.0,100.0,1009.0,30.0,16.0,18.0,11.0,38.0,571.0,25.0,178.0,837.0,721.0,314.0,335.0,0.0,0.0,6643.0,1488.0,143.0,0.0,30.0,813.0,2474.0,9117.0
Rubber products,48.0,1.0,33.0,0.0,0.0,1.0,2.0,1.0,1.0,5.0,1.0,0.0,0.0,0.0,1.0,5.0,0.0,0.0,0.0,0.0,0.0,3.0,1.0,1.0,0.0,0.0,0.0,0.0,1.0,1.0,1.0,6.0,5.0,29.0,1.0,0.0,2.0,7.0,22.0,2.0,37.0,1.0,0.0,0.0,3.0,2.0,1.0,1.0,0.0,7.0,0.0,160.0,4.0,12.0,4.0,6.0,0.0,1.0,1.0,0.0,0.0,2.0,0.0,0.0,1.0,0.0,2.0,0.0,0.0,2.0,0.0,1.0,0.0,1.0,4.0,0.0,6.0,0.0,1.0,4.0,1.0,7.0,1.0,3.0,13.0,10.0,2.0,54.0,237.0,0.0,8.0,270.0,0.0,20.0,1.0,2.0,5.0,2.0,1.0,14.0,10.0,0.0,0.0,1105.0,105.0,43.0,0.0,4.0,536.0,688.0,1793.0
Processing of plastics,49.0,0.0,2.0,0.0,13.0,4.0,39.0,11.0,1.0,7.0,4.0,4.0,0.0,0.0,0.0,1.0,8.0,2.0,5.0,4.0,24.0,0.0,14.0,35.0,46.0,123.0,53.0,3.0,10.0,21.0,13.0,56.0,11.0,6.0,1.0,1.0,3.0,5.0,3.0,2.0,41.0,1.0,36.0,13.0,40.0,37.0,51.0,30.0,25.0,56.0,20.0,222.0,9.0,25.0,9.0,60.0,26.0,46.0,52.0,25.0,0.0,92.0,1.0,52.0,7.0,67.0,18.0,65.0,15.0,0.0,1.0,9.0,4.0,2.0,3.0,15.0,42.0,49.0,6.0,31.0,122.0,4.0,69.0,53.0,12.0,339.0,109.0,211.0,358.0,55.0,19.0,16.0,17.0,0.0,11.0,12.0,34.0,65.0,36.0,43.0,29.0,0.0,0.0,3497.0,101.0,60.0,0.0,40.0,886.0,1087.0,4583.0
Other manufacturing,5.0,2.0,0.0,0.0,0.0,0.0,0.0,0.0,0.0,0.0,0.0,0.0,0.0,0.0,0.0,0.0,0.0,0.0,0.0,0.0,0.0,0.0,0.0,0.0,0.0,0.0,0.0,0.0,1.0,0.0,0.0,0.0,0.0,0.0,0.0,0.0,0.0,0.0,0.0,0.0,1.0,0.0,0.0,0.0,0.0,0.0,0.0,0.0,0.0,0.0,0.0,0.0,0.0,0.0,0.0,1.0,0.0,0.0,0.0,0.0,0.0,0.0,0.0,1.0,1.0,0.0,0.0,0.0,0.0,0.0,0.0,0.0,0.0,0.0,0.0,0.0,0.0,0.0,1.0,0.0,0.0,0.0,2.0,0.0,0.0,0.0,26.0,61.0,200.0,23.0,13.0,68.0,4.0,0.0,85.0,1.0,3.0,185.0,105.0,92.0,127.0,0.0,0.0,1008.0,144.0,174.0,0.0,-27.0,814.0,1105.0,2114.0
Construction,106.0,13.0,0.0,0.0,0.0,16.0,6.0,10.0,0.0,17.0,5.0,3.0,0.0,1.0,2.0,17.0,5.0,3.0,2.0,8.0,2.0,3.0,6.0,5.0,7.0,2.0,2.0,0.0,14.0,4.0,1.0,13.0,5.0,1.0,1.0,2.0,2.0,3.0,9.0,2.0,13.0,12.0,6.0,3.0,3.0,5.0,20.0,9.0,0.0,1.0,2.0,21.0,12.0,14.0,1.0,4.0,2.0,6.0,3.0,3.0,2.0,8.0,2.0,3.0,3.0,5.0,55.0,1.0,2.0,4.0,3.0,3.0,1.0,1.0,1.0,1.0,2.0,10.0,1.0,13.0,10.0,5.0,12.0,56.0,4.0,8.0,5.0,8841.0,703.0,33.0,11.0,18.0,4.0,0.0,30.0,37.0,33.0,416.0,170.0,563.0,164.0,0.0,0.0,11682.0,2639.0,2562.0,26597.0,51.0,321.0,32168.0,43850.0
Distribution etc,362.0,15.0,105.0,92.0,53.0,398.0,49.0,20.0,2.0,468.0,63.0,67.0,11.0,10.0,25.0,130.0,30.0,15.0,27.0,126.0,48.0,52.0,67.0,52.0,76.0,42.0,15.0,24.0,179.0,30.0,88.0,162.0,167.0,87.0,42.0,20.0,60.0,61.0,215.0,51.0,320.0,49.0,126.0,33.0,115.0,53.0,241.0,80.0,69.0,52.0,24.0,599.0,79.0,158.0,44.0,70.0,33.0,181.0,129.0,57.0,42.0,69.0,23.0,57.0,89.0,95.0,139.0,40.0,29.0,59.0,72.0,66.0,14.0,31.0,20.0,13.0,9.0,74.0,25.0,80.0,96.0,44.0,129.0,159.0,63.0,101.0,70.0,874.0,1410.0,122.0,53.0,617.0,45.0,71.0,89.0,26.0,123.0,214.0,133.0,184.0,143.0,0.0,0.0,11927.0,34631.0,2297.0,1417.0,0.0,6174.0,44518.0,56445.0
"Hotels, catering etc",0.0,0.0,0.0,0.0,0.0,0.0,0.0,0.0,0.0,0.0,0.0,0.0,0.0,0.0,0.0,0.0,0.0,0.0,0.0,0.0,0.0,0.0,0.0,0.0,0.0,0.0,0.0,0.0,0.0,0.0,0.0,0.0,0.0,0.0,0.0,0.0,0.0,0.0,0.0,0.0,0.0,0.0,0.0,0.0,0.0,0.0,0.0,0.0,0.0,0.0,0.0,0.0,0.0,0.0,0.0,0.0,0.0,0.0,0.0,0.0,0.0,0.0,0.0,0.0,0.0,0.0,0.0,0.0,0.0,0.0,0.0,0.0,0.0,0.0,0.0,0.0,0.0,0.0,0.0,0.0,0.0,0.0,0.0,0.0,0.0,0.0,0.0,0.0,4.0,0.0,0.0,0.0,0.0,0.0,0.0,0.0,0.0,2.0,1.0,8.0,1.0,0.0,0.0,17.0,11392.0,872.0,0.0,0.0,1718.0,13982.0,13999.0
Railways,13.0,0.0,20.0,3.0,13.0,19.0,2.0,0.0,4.0,81.0,5.0,16.0,13.0,5.0,13.0,37.0,3.0,6.0,6.0,17.0,15.0,4.0,4.0,14.0,3.0,4.0,1.0,1.0,20.0,1.0,11.0,10.0,8.0,4.0,2.0,2.0,5.0,3.0,8.0,4.0,19.0,2.0,5.0,2.0,11.0,6.0,10.0,6.0,2.0,3.0,2.0,55.0,5.0,5.0,11.0,8.0,4.0,3.0,5.0,3.0,2.0,3.0,4.0,5.0,1.0,6.0,36.0,1.0,10.0,3.0,2.0,3.0,1.0,1.0,2.0,1.0,1.0,5.0,1.0,4.0,6.0,6.0,12.0,87.0,3.0,9.0,8.0,18.0,36.0,1.0,1.0,5.0,12.0,1.0,0.0,56.0,5.0,2.0,1.0,35.0,4.0,0.0,0.0,960.0,743.0,115.0,39.0,-2.0,302.0,1196.0,2156.0
Road transport etc,73.0,24.0,27.0,18.0,2.0,21.0,11.0,1.0,31.0,184.0,13.0,22.0,10.0,48.0,120.0,454.0,58.0,61.0,22.0,66.0,49.0,33.0,35.0,32.0,15.0,33.0,5.0,6.0,56.0,7.0,38.0,49.0,35.0,12.0,4.0,6.0,6.0,10.0,29.0,9.0,57.0,3.0,6.0,11.0,19.0,12.0,10.0,10.0,4.0,15.0,9.0,136.0,1.0,2.0,4.0,11.0,29.0,79.0,25.0,45.0,29.0,33.0,43.0,41.0,62.0,81.0,71.0,29.0,13.0,7.0,7.0,12.0,5.0,12.0,7.0,3.0,7.0,26.0,7.0,68.0,40.0,49.0,105.0,97.0,28.0,81.0,21.0,253.0,1791.0,15.0,12.0,85.0,4.0,1.0,5.0,2.0,4.0,0.0,0.0,90.0,13.0,0.0,0.0,5481.0,2225.0,242.0,459.0,-2.0,372.0,3296.0,8776.0
Sea transport,29.0,0.0,34.0,104.0,7.0,32.0,12.0,0.0,1.0,102.0,1.0,103.0,2.0,1.0,2.0,12.0,1.0,2.0,5.0,14.0,6.0,4.0,2.0,5.0,1.0,3.0,0.0,1.0,6.0,1.0,2.0,4.0,4.0,1.0,1.0,1.0,1.0,1.0,2.0,1.0,2.0,1.0,6.0,3.0,1.0,1.0,0.0,1.0,0.0,1.0,1.0,2.0,2.0,3.0,1.0,1.0,8.0,1.0,0.0,2.0,3.0,4.0,5.0,3.0,6.0,8.0,4.0,2.0,6.0,2.0,1.0,0.0,1.0,1.0,0.0,0.0,1.0,1.0,0.0,15.0,6.0,6.0,12.0,20.0,1.0,0.0,5.0,20.0,9.0,3.0,1.0,10.0,55.0,9.0,1.0,7.0,4.0,0.0,0.0,2.0,1.0,0.0,0.0,778.0,68.0,15.0,63.0,-39.0,2887.0,2994.0,3772.0
Air transport,22.0,0.0,16.0,100.0,28.0,46.0,7.0,0.0,1.0,53.0,2.0,42.0,3.0,2.0,3.0,13.0,2.0,2.0,4.0,14.0,6.0,5.0,3.0,8.0,3.0,3.0,1.0,1.0,7.0,1.0,3.0,4.0,3.0,0.0,0.0,1.0,1.0,1.0,1.0,1.0,6.0,1.0,1.0,3.0,4.0,2.0,2.0,1.0,1.0,1.0,1.0,11.0,1.0,1.0,3.0,3.0,5.0,3.0,3.0,2.0,2.0,4.0,3.0,3.0,4.0,7.0,10.0,1.0,6.0,3.0,0.0,0.0,0.0,0.0,0.0,0.0,0.0,1.0,0.0,8.0,5.0,6.0,12.0,30.0,3.0,6.0,5.0,47.0,312.0,5.0,2.0,9.0,5.0,171.0,17.0,48.0,18.0,145.0,107.0,59.0,9.0,0.0,0.0,1543.0,391.0,2.0,16.0,-6.0,2206.0,2609.0,4152.0
Transport services,47.0,17.0,6.0,446.0,96.0,18.0,12.0,5.0,1.0,9.0,2.0,4.0,3.0,2.0,0.0,10.0,6.0,4.0,3.0,9.0,2.0,5.0,9.0,11.0,24.0,18.0,3.0,3.0,11.0,3.0,2.0,14.0,10.0,3.0,3.0,3.0,6.0,7.0,10.0,4.0,27.0,2.0,7.0,3.0,9.0,8.0,23.0,11.0,7.0,6.0,3.0,35.0,5.0,17.0,3.0,9.0,1.0,10.0,7.0,10.0,3.0,9.0,1.0,13.0,10.0,26.0,86.0,3.0,19.0,2.0,2.0,3.0,1.0,2.0,2.0,1.0,2.0,8.0,2.0,7.0,11.0,4.0,18.0,53.0,7.0,15.0,8.0,140.0,380.0,30.0,16.0,96.0,708.0,296.0,445.0,8.0,10.0,236.0,124.0,79.0,21.0,0.0,0.0,3955.0,94.0,48.0,0.0,0.0,655.0,797.0,4752.0
Postal services,14.0,4.0,5.0,0.0,2.0,15.0,10.0,5.0,0.0,4.0,1.0,2.0,0.0,1.0,1.0,6.0,2.0,2.0,1.0,2.0,1.0,2.0,4.0,5.0,5.0,3.0,1.0,1.0,6.0,2.0,2.0,8.0,7.0,2.0,2.0,2.0,3.0,6.0,6.0,3.0,15.0,1.0,4.0,2.0,6.0,4.0,12.0,6.0,1.0,2.0,1.0,11.0,0.0,6.0,1.0,6.0,0.0,4.0,2.0,2.0,1.0,3.0,0.0,2.0,2.0,0.0,6.0,1.0,2.0,1.0,1.0,2.0,1.0,1.0,1.0,1.0,1.0,5.0,1.0,6.0,5.0,2.0,7.0,56.0,3.0,8.0,12.0,45.0,410.0,37.0,8.0,22.0,16.0,17.0,8.0,317.0,29.0,353.0,324.0,193.0,257.0,0.0,0.0,2396.0,323.0,130.0,0.0,0.0,189.0,642.0,3038.0
Telecommunications,48.0,8.0,11.0,0.0,3.0,33.0,21.0,10.0,0.0,9.0,2.0,4.0,1.0,2.0,1.0,13.0,4.0,4.0,2.0,5.0,3.0,4.0,8.0,10.0,11.0,6.0,2.0,1.0,13.0,4.0,4.0,17.0,15.0,3.0,5.0,5.0,7.0,14.0,14.0,6.0,33.0,2.0,10.0,3.0,12.0,9.0,27.0,13.0,3.0,4.0,3.0,25.0,0.0,14.0,2.0,12.0,1.0,9.0,5.0,5.0,1.0,6.0,1.0,5.0,5.0,1.0,14.0,3.0,3.0,2.0,2.0,4.0,1.0,2.0,2.0,2.0,2.0,11.0,3.0,13.0,11.0,4.0,16.0,122.0,7.0,17.0,26.0,101.0,968.0,58.0,18.0,40.0,19.0,23.0,12.0,19.0,71.0,597.0,437.0,278.0,541.0,0.0,0.0,3987.0,2378.0,341.0,0.0,0.0,428.0,3146.0,7133.0
Banking and finance,58.0,16.0,13.0,0.0,23.0,69.0,49.0,18.0,2.0,34.0,9.0,16.0,9.0,7.0,1.0,36.0,21.0,14.0,12.0,32.0,8.0,19.0,34.0,40.0,83.0,63.0,10.0,11.0,39.0,10.0,8.0,51.0,37.0,10.0,11.0,10.0,24.0,27.0,37.0,14.0,99.0,5.0,26.0,11.0,33.0,30.0,82.0,39.0,24.0,22.0,10.0,125.0,17.0,60.0,10.0,33.0,3.0,38.0,26.0,36.0,9.0,35.0,4.0,47.0,36.0,90.0,148.0,12.0,66.0,7.0,8.0,12.0,4.0,8.0,6.0,5.0,7.0,29.0,9.0,28.0,41.0,14.0,65.0,192.0,25.0,54.0,32.0,153.0,1384.0,53.0,6.0,117.0,27.0,6.0,19.0,5.0,31.0,836.0,859.0,254.0,210.0,0.0,13793.0,20450.0,241.0,182.0,0.0,0.0,1067.0,1490.0,21940.0
Insurance,85.0,12.0,6.0,5.0,4.0,33.0,3.0,5.0,2.0,24.0,3.0,20.0,4.0,3.0,2.0,15.0,5.0,5.0,5.0,16.0,4.0,7.0,10.0,12.0,14.0,4.0,1.0,1.0,20.0,3.0,5.0,17.0,22.0,2.0,4.0,4.0,6.0,9.0,13.0,5.0,31.0,1.0,4.0,5.0,12.0,5.0,17.0,8.0,2.0,3.0,3.0,23.0,16.0,30.0,2.0,8.0,2.0,11.0,3.0,4.0,3.0,9.0,3.0,4.0,6.0,6.0,20.0,2.0,7.0,6.0,5.0,5.0,3.0,3.0,3.0,2.0,2.0,10.0,2.0,20.0,14.0,10.0,17.0,30.0,9.0,18.0,9.0,31.0,310.0,16.0,6.0,81.0,25.0,34.0,2.0,0.0,12.0,682.0,262.0,107.0,51.0,0.0,0.0,2454.0,4824.0,100.0,13.0,-3.0,1015.0,5949.0,8403.0
Business services etc,243.0,13.0,69.0,9.0,108.0,201.0,105.0,53.0,5.0,128.0,22.0,48.0,22.0,18.0,6.0,129.0,51.0,32.0,28.0,90.0,27.0,51.0,80.0,92.0,172.0,134.0,23.0,22.0,109.0,29.0,31.0,136.0,117.0,26.0,26.0,28.0,54.0,97.0,95.0,36.0,252.0,13.0,77.0,35.0,79.0,77.0,213.0,112.0,53.0,45.0,26.0,292.0,44.0,167.0,22.0,87.0,7.0,110.0,77.0,83.0,20.0,98.0,15.0,102.0,72.0,180.0,292.0,33.0,132.0,15.0,18.0,29.0,11.0,20.0,15.0,10.0,21.0,72.0,19.0,83.0,111.0,38.0,159.0,484.0,68.0,158.0,83.0,3139.0,4849.0,216.0,39.0,159.0,8.0,5.0,1.0,43.0,107.0,1397.0,658.0,1773.0,783.0,0.0,0.0,20160.0,5118.0,886.0,2580.0,0.0,3016.0,11600.0,31760.0
Other services,413.0,47.0,0.0,0.0,1.0,2.0,1.0,1.0,0.0,1.0,0.0,1.0,0.0,0.0,0.0,1.0,1.0,0.0,0.0,1.0,0.0,1.0,1.0,1.0,3.0,2.0,0.0,0.0,1.0,0.0,0.0,2.0,1.0,0.0,0.0,0.0,1.0,1.0,1.0,0.0,3.0,0.0,1.0,0.0,1.0,1.0,3.0,1.0,1.0,1.0,0.0,4.0,1.0,2.0,0.0,1.0,0.0,1.0,1.0,1.0,0.0,1.0,0.0,2.0,1.0,3.0,3.0,0.0,2.0,0.0,0.0,0.0,0.0,0.0,0.0,0.0,0.0,1.0,0.0,1.0,1.0,0.0,2.0,6.0,1.0,2.0,1.0,625.0,768.0,424.0,30.0,168.0,1.0,0.0,3.0,6.0,31.0,949.0,927.0,391.0,201.0,0.0,0.0,5063.0,5925.0,2089.0,0.0,0.0,1082.0,9096.0,14159.0
Public administration etc,0.0,0.0,0.0,0.0,0.0,0.0,0.0,0.0,0.0,0.0,0.0,0.0,0.0,0.0,0.0,0.0,0.0,0.0,0.0,0.0,0.0,0.0,0.0,0.0,0.0,0.0,0.0,0.0,0.0,0.0,0.0,0.0,0.0,0.0,0.0,0.0,0.0,0.0,0.0,0.0,0.0,0.0,0.0,0.0,0.0,0.0,0.0,0.0,0.0,0.0,0.0,0.0,0.0,0.0,0.0,0.0,0.0,0.0,0.0,0.0,0.0,0.0,0.0,0.0,0.0,0.0,0.0,0.0,0.0,0.0,0.0,0.0,0.0,0.0,0.0,0.0,0.0,0.0,0.0,0.0,0.0,0.0,0.0,0.0,0.0,0.0,0.0,0.0,0.0,0.0,0.0,0.0,0.0,0.0,0.0,0.0,0.0,0.0,0.0,0.0,0.0,0.0,0.0,0.0,23229.0,44193.0,0.0,0.0,0.0,67422.0,67422.0
Total intermediate,8374.0,391.0,1418.0,2656.0,8881.0,6691.0,2846.0,414.0,120.0,4131.0,535.0,839.0,119.0,232.0,419.0,2047.0,557.0,400.0,483.0,2332.0,577.0,916.0,975.0,1183.0,1220.0,1015.0,320.0,313.0,1560.0,372.0,829.0,1582.0,1452.0,611.0,318.0,231.0,515.0,657.0,1496.0,402.0,2932.0,455.0,906.0,471.0,991.0,658.0,2045.0,789.0,662.0,634.0,279.0,4710.0,915.0,1825.0,318.0,793.0,787.0,4607.0,2908.0,1120.0,951.0,1486.0,598.0,1208.0,1941.0,1810.0,2996.0,592.0,561.0,523.0,366.0,559.0,171.0,344.0,212.0,343.0,293.0,1171.0,288.0,1240.0,1208.0,815.0,1720.0,3622.0,670.0,1873.0,789.0,23357.0,22228.0,3990.0,915.0,3143.0,1216.0,1507.0,1446.0,816.0,1613.0,7937.0,5277.0,5597.0,3601.0,0.0,13793.0,214018.0,135493.0,65890.0,44496.0,-626.0,87752.0,333005.0,547023.0
Imports of goods & services,1088.0,2.0,160.0,1215.0,4529.0,2136.0,1452.0,36.0,26.0,979.0,430.0,817.0,15.0,28.0,24.0,296.0,113.0,81.0,242.0,1096.0,190.0,465.0,425.0,679.0,392.0,294.0,233.0,220.0,358.0,85.0,169.0,372.0,324.0,121.0,69.0,40.0,131.0,101.0,243.0,74.0,599.0,116.0,573.0,304.0,360.0,206.0,1038.0,458.0,314.0,127.0,81.0,2105.0,131.0,1429.0,105.0,200.0,368.0,455.0,419.0,234.0,195.0,378.0,160.0,301.0,371.0,753.0,280.0,161.0,319.0,446.0,381.0,332.0,48.0,166.0,124.0,141.0,159.0,766.0,209.0,578.0,474.0,500.0,1071.0,1035.0,406.0,946.0,447.0,1764.0,933.0,813.0,76.0,16.0,1836.0,1157.0,19.0,44.0,237.0,891.0,121.0,197.0,124.0,0.0,0.0,48744.0,25647.0,4891.0,10891.0,737.0,1948.0,44114.0,92858.0
Sales by final demand,9.0,6.0,9.0,12.0,12.0,1.0,5.0,2.0,1.0,385.0,159.0,279.0,2.0,1.0,1.0,1.0,1.0,1.0,0.0,1.0,0.0,1.0,8.0,0.0,0.0,0.0,0.0,1.0,100.0,0.0,3.0,15.0,2.0,2.0,3.0,4.0,10.0,1.0,1.0,0.0,15.0,0.0,5.0,2.0,1.0,1.0,6.0,0.0,0.0,0.0,0.0,1.0,6.0,1.0,1.0,0.0,0.0,0.0,1.0,0.0,1.0,0.0,0.0,0.0,0.0,0.0,0.0,1.0,0.0,1.0,1.0,1.0,0.0,0.0,2.0,0.0,0.0,0.0,0.0,1.0,2.0,177.0,1.0,0.0,3.0,0.0,29.0,118.0,88.0,18.0,35.0,12.0,12.0,44.0,4.0,9.0,11.0,18.0,12.0,40.0,118.0,0.0,0.0,1838.0,3762.0,-4591.0,-2498.0,-1.0,1490.0,-1838.0,0.0
Taxes on expend. Less subsidies,-654.0,15.0,-1800.0,-10.0,30.0,344.0,168.0,107.0,12.0,141.0,25.0,27.0,19.0,26.0,19.0,194.0,44.0,23.0,57.0,75.0,96.0,36.0,59.0,69.0,43.0,25.0,16.0,15.0,76.0,12.0,17.0,63.0,45.0,14.0,13.0,12.0,21.0,33.0,45.0,20.0,104.0,12.0,50.0,18.0,41.0,29.0,66.0,31.0,17.0,18.0,12.0,178.0,26.0,66.0,16.0,28.0,-38.0,-76.0,-114.0,-13.0,20.0,64.0,-55.0,23.0,-39.0,65.0,314.0,20.0,18.0,25.0,20.0,25.0,17.0,13.0,11.0,12.0,12.0,58.0,12.0,59.0,56.0,33.0,74.0,118.0,42.0,71.0,32.0,443.0,2523.0,518.0,-903.0,29.0,63.0,77.0,247.0,141.0,440.0,354.0,302.0,1359.0,503.0,0.0,0.0,7274.0,31011.0,3697.0,2218.0,7.0,776.0,37709.0,44983.0
Income from employment,1385.0,231.0,1333.0,486.0,292.0,2215.0,1214.0,524.0,71.0,1364.0,202.0,335.0,70.0,197.0,139.0,891.0,430.0,419.0,212.0,492.0,203.0,249.0,483.0,622.0,805.0,314.0,183.0,153.0,1321.0,207.0,329.0,1248.0,1116.0,246.0,267.0,330.0,415.0,666.0,894.0,447.0,2220.0,294.0,538.0,325.0,1006.0,569.0,2031.0,834.0,213.0,326.0,226.0,3147.0,1002.0,2004.0,369.0,761.0,78.0,829.0,407.0,356.0,105.0,1022.0,111.0,492.0,261.0,585.0,714.0,173.0,395.0,318.0,268.0,536.0,187.0,176.0,185.0,148.0,366.0,1261.0,183.0,798.0,905.0,370.0,1273.0,3714.0,683.0,1262.0,597.0,9115.0,18848.0,6057.0,1810.0,3393.0,535.0,844.0,2473.0,1896.0,2723.0,5513.0,2421.0,14564.0,6195.0,46046.0,0.0,180053.0,0.0,0.0,0.0,0.0,0.0,0.0,180053.0
Gross profits etc,4507.0,99.0,985.0,19095.0,1154.0,1339.0,1356.0,613.0,66.0,296.0,61.0,90.0,91.0,119.0,173.0,553.0,126.0,125.0,140.0,588.0,120.0,172.0,241.0,681.0,804.0,292.0,49.0,52.0,168.0,79.0,50.0,229.0,182.0,91.0,34.0,46.0,55.0,259.0,162.0,53.0,422.0,46.0,525.0,139.0,233.0,148.0,691.0,428.0,43.0,95.0,65.0,435.0,28.0,97.0,20.0,205.0,69.0,368.0,340.0,114.0,91.0,266.0,68.0,169.0,159.0,446.0,747.0,169.0,312.0,105.0,63.0,91.0,27.0,33.0,44.0,32.0,71.0,245.0,32.0,97.0,116.0,69.0,237.0,927.0,132.0,404.0,197.0,7949.0,8203.0,2738.0,236.0,1905.0,117.0,551.0,593.0,139.0,2542.0,7604.0,284.0,10262.0,3676.0,21376.0,-18342.0,95085.0,0.0,0.0,0.0,0.0,0.0,0.0,95085.0
Total inputs,14709.0,744.0,2105.0,23455.0,14898.0,12726.0,7040.0,1697.0,296.0,7295.0,1411.0,2387.0,316.0,603.0,775.0,3982.0,1270.0,1049.0,1132.0,4583.0,1185.0,1840.0,2191.0,3233.0,3265.0,1940.0,801.0,755.0,3582.0,756.0,1397.0,3510.0,3121.0,1086.0,705.0,664.0,1147.0,1718.0,2842.0,996.0,6292.0,922.0,2596.0,1260.0,2633.0,1611.0,5877.0,2540.0,1248.0,1200.0,662.0,10576.0,2108.0,5422.0,829.0,1987.0,1263.0,6183.0,3961.0,1811.0,1363.0,3216.0,881.0,2192.0,2692.0,3659.0,5051.0,1117.0,1604.0,1418.0,1099.0,1543.0,450.0,731.0,577.0,677.0,900.0,3501.0,724.0,2774.0,2761.0,1964.0,4375.0,9415.0,1936.0,4556.0,2092.0,42745.0,52823.0,14134.0,2169.0,8498.0,3778.0,4179.0,4782.0,3045.0,7565.0,22316.0,8417.0,32019.0,14216.0,67422.0,-4549.0,547012.0,195912.0,69887.0,55107.0,117.0,91966.0,412990.0,960002.0
